group;start;end;deviceid;gender;gender_update;age;abschluss;programming;opensource;knowsee;knowdash;knowvideogames;tutorial1;ready1;ready1_update;a1-1-file;a1-1-num;a1-2-file;a1-2-num;a1-3-file;a1-3-num;a1-4-file;a1-4-num;a1-5-file;a1-5-num;a1_av1b_filename_update;a1_av2b_filename_update;a1_av3b_filename_update;a1_av4b_filename_update;a1_av5b_filename_update;a1_av1b_av_update;a1_av2b_av_update;a1_av3b_av_update;a1_av4b_av_update;a1_av5b_av_update;a1done;done1_update;a1easy;a1time;ready2;ready2_update;a2-1-file;a2-1-num;a2-2-file;a2-2-num;a2-3-file;a2-3-num;a2-4-file;a2-4-num;a2-5-file;a2-5-num;a2_sv1b_filename_update;a2_sv2b_filename_update;a2_sv3b_filename_update;a2_sv4b_filename_update;a2_sv5b_filename_update;a2_sv1b_sv_update;a2_sv2b_sv_update;a2_sv3b_sv_update;a2_sv4b_sv_update;a2_sv5b_sv_update;done2;done2_update;a2easy;a2time;ready3;ready3_update;a3-1;a3-2;a3-3;a3-4;a3-5;a3_1_update;a3_2_update;a3_3_update;a3_4_update;a3_5_update;done3;done3_update;a3easy;a3time;dsus1;dsus2;dsus3;dsus4;dsus5;dsus6;dsus7;dsus8;dsus9;dsus10;dexpl;tutorial2;ready4;ready4_update;a4-1-file;a4-1-num;a4-2-file;a4-2-num;a4-3-file;a4-3-num;a4-4-file;a4-4-num;a4-5-file;a4-5-num;a4_av1b_filename_update;a4_av2b_filename_update;a4_av3b_filename_update;a4_av4b_filename_update;a4_av5b_filename_update;a4_av1b_av_update;a4_av2b_av_update;a4_av3b_av_update;a4_av4b_av_update;a4_av5b_av_update;done4;done4_update;a4easy;a4time;ready5;ready5_update;a5-1-file;a5-1-num;a5-2-file;a5-2-num;a5-3-file;a5-3-num;a5-4-file;a5-4-num;a5-5-file;a5-5-num;a5_mv1b_filename_update;a5_mv2b_filename_update;a5_mv3b_filename_update;a5_mv4b_filename_update;a5_mv5b_filename_update;a5_mv1b_mv_update;a5_mv2b_mv_update;a5_mv3b_mv_update;a5_mv4b_mv_update;a5_mv5b_mv_update;done5;done5_update;a5easy;a5time;ready6;ready6_update;a6-1;a6-2;a6-3;a6-4;a6-5;a6_1_update;a6_2_update;a6_3_update;a6_4_update;a6_5_update;done6;done6_update;a6easy;a6time;ssus1;ssus2;ssus3;ssus4;ssus5;ssus6;ssus7;ssus8;ssus9;ssus10;sexpl;gexpl;_id;_uuid;_submission_time;_validation_status;_index;a1_1_file_c;a1_1_file_c_uo;a1_1_num_c;a1_2_file_c;a1_2_file_c_uo;a1_2_num_c;a1_3_file_c;a1_3_file_c_uo;a1_3_num_c;a1_4_file_c;a1_4_file_c_uo;a1_4_num_c;a1_5_file_c;a1_5_file_c_uo;a1_5_num_c;a2_1_file_c;a2_1_file_c_uo;a2_1_num_c;a2_2_file_c;a2_2_file_c_uo;a2_2_num_c;a2_3_file_c;a2_3_file_c_uo;a2_3_num_c;a2_4_file_c;a2_4_file_c_uo;a2_4_num_c;a2_5_file_c;a2_5_file_c_uo;a2_5_num_c;a3_1_c;a3_2_c;a3_3_c;a3_4_c;a3_5_c;a4_1_file_c;a4_1_file_c_uo;a4_1_num_c;a4_2_file_c;a4_2_file_c_uo;a4_2_num_c;a4_3_file_c;a4_3_file_c_uo;a4_3_num_c;a4_4_file_c;a4_4_file_c_uo;a4_4_num_c;a4_5_file_c;a4_5_file_c_uo;a4_5_num_c;a5_1_file_c;a5_1_file_c_uo;a5_1_num_c;a5_2_file_c;a5_2_file_c_uo;a5_2_num_c;a5_3_file_c;a5_3_file_c_uo;a5_3_num_c;a5_4_file_c;a5_4_file_c_uo;a5_4_num_c;a5_5_file_c;a5_5_file_c_uo;a5_5_num_c;a6_1_c;a6_2_c;a6_3_c;a6_4_c;a6_5_c
α;2021-08-11T09:01:33.240+02:00;2021-08-11T10:26:43.643+02:00;ee.kobotoolbox.org:DNKatQFdBa0fw4cY;Männlich;2021-08-11T09:02:18.619+02:00;47;Master-Abschluss;20 Jahre oder mehr;20 Jahre oder mehr;Ja, habe davon gehört;Ja, habe ich bereits genutzt;Ja, habe schon ein bisschen gespielt;2088;OK;2021-08-11T09:08:44.552+02:00;NodeDecorationController.cs;13;GameObjectExtensions.cs;11;TextureGenerator.cs;0;Materials.cs;6;ErosionIssues.cs;0;2021-08-11T09:13:33.921+02:00;2021-08-11T09:14:19.509+02:00;2021-08-11T09:14:02.873+02:00;2021-08-11T09:14:33.316+02:00;2021-08-11T09:14:44.755+02:00;2021-08-11T09:13:42.481+02:00;2021-08-11T09:14:23.388+02:00;2021-08-11T09:14:07.899+02:00;2021-08-11T09:14:57.924+02:00;2021-08-11T09:14:52.180+02:00;OK;2021-08-11T09:14:58.020+02:00;1: Sehr schwer;1: Sehr schwer;OK;2021-08-11T09:15:50.828+02:00;SubLayouts.cs;22;LayoutVertex.cs;38;ILayoutNodes.cs;4;NodeTransform.cs;12;LayoutNodes.cs;0;2021-08-11T09:20:14.018+02:00;2021-08-11T09:20:26.545+02:00;2021-08-11T09:20:41.574+02:00;2021-08-11T09:21:06.523+02:00;2021-08-11T09:21:21.619+02:00;2021-08-11T09:20:21.434+02:00;2021-08-11T09:20:35.710+02:00;2021-08-11T09:20:47.197+02:00;2021-08-11T09:21:10.401+02:00;2021-08-11T09:21:26.048+02:00;OK;2021-08-11T09:21:26.175+02:00;1: Sehr schwer;1: Sehr schwer;OK;2021-08-11T09:23:15.320+02:00;Stil-Verletzungen (Stift);Stil-Verletzungen (Stift);Stil-Verletzungen (Stift);Stil-Verletzungen (Stift);Stil-Verletzungen (Stift);2021-08-11T09:24:03.015+02:00;2021-08-11T09:24:14.078+02:00;2021-08-11T09:24:22.837+02:00;2021-08-11T09:24:33.369+02:00;2021-08-11T09:24:43.541+02:00;OK;2021-08-11T09:24:47.626+02:00;5;6;3;5: Stimme voll zu;3;1: Stimme überhaupt nicht zu;3;1: Stimme überhaupt nicht zu;3;5: Stimme voll zu;3;1: Stimme überhaupt nicht zu;Der Index listet zu viele irrelevante Dateien, Metriken anzuzeigen (z.B. LOC - Anzahl Zeilen) ist long standig Feature-Wunsch :-);60;OK;2021-08-11T09:54:11.388+02:00;Network;6;LoadCityAction;124;Server;3;TransformView;0;AbstractAction;0;2021-08-11T09:54:47.354+02:00;2021-08-11T09:55:05.459+02:00;2021-08-11T10:13:45.283+02:00;2021-08-11T10:13:57.437+02:00;2021-08-11T10:14:08.715+02:00;2021-08-11T09:54:59.806+02:00;2021-08-11T10:13:29.819+02:00;2021-08-11T10:13:54.269+02:00;2021-08-11T10:14:05.466+02:00;2021-08-11T10:14:10.771+02:00;OK;2021-08-11T10:14:10.958+02:00;4;6;OK;2021-08-11T10:14:28.793+02:00;SEEInput;6;PlayerSettings;18;KeyBindings;4;CodeSpaceManager;22;DictationInput;4;2021-08-11T10:15:17.364+02:00;2021-08-11T10:15:36.808+02:00;2021-08-11T10:15:48.694+02:00;2021-08-11T10:16:00.872+02:00;2021-08-11T10:16:27.654+02:00;2021-08-11T10:15:29.079+02:00;2021-08-11T10:15:45.706+02:00;2021-08-11T10:15:55.546+02:00;2021-08-11T10:16:07.832+02:00;2021-08-11T10:16:29.719+02:00;OK;2021-08-11T10:16:29.859+02:00;5;5;OK;2021-08-11T10:16:51.224+02:00;Stil-Verletzungen (Stift);Metrik-Verletzungen (Geodreieck);Architektur-Verletzungen (Abstürzender Pfeil);Metrik-Verletzungen (Geodreieck);Architektur-Verletzungen (Abstürzender Pfeil);2021-08-11T10:17:20.304+02:00;2021-08-11T10:17:50.438+02:00;2021-08-11T10:18:03.962+02:00;2021-08-11T10:18:20.299+02:00;2021-08-11T10:18:35.366+02:00;OK;2021-08-11T10:18:36.437+02:00;6;6;3;4;2;2;2;3;4;4;2;3;"Ich fand die Platzierung der Standpunkts sehr schlecht zu manipulieren, ich glaube, da ist noch ein Bug in der Bedienung (ab einem bestimmten Zeitpunkt war es mir nicht möglich, mich selbst zu ""bewegen"", nur noch rein/raus zu ""Zoomen""). Außerdem fand ich es sehr schwer (letztlich ein Zufallsprodukt) ein Verzeichnis/eine Datei mit einem festgelegten Namen zu finden. Man muss halt alle anstupsen, damit man sieht, wie sie heissen. Ist hier noch möglich (Anzahl der Dateien/Verzeichnisse eingeschränkt). Gibt es ein ""Suchfeld""? Damit die entsprechende Datei/Verzeichnis aufleuchtet oder sowas? Das Ablesen der Zahlen ist ""wirr"", weil die Zahlen teilweise von anderen Dingen (Rändern der Würfel, anderen Icons) überlagert werden oder verpixelt sind (man muss leicht rein/rauszoomen, um die Zahl zu lesen oder seinen Standpunkt verändern, was mir leider nicht mehr möglich war...). Wenn man sich auf dei COuch setzen würde, sieht man die Zahlen von hinten, was eher schwierig zu lesen ist. Die Beschriftungen sollten vielleicht dem Benutzer folgen? Keine Ahnung, wie das wirkt, aber von hinten draufschauen ist echt hart :-) Die Animationen sind zwar nett (Titel wachsen aus den Würfel usw.), aber machen den Umgang mit See auch etwas zappelig.";Ja, leider kam bei der Lösung der ersten SEE-Aufgabe ein wichtiger und dringender Anruf rein ... Ich denke, dass ich in etwa dieselbe Zeit wie für die zweite Aufgabe gebraucht habe, wenn man die Zeit für den Anruf anzieht ... Sorry.;108950450;6973490c-dd2f-4099-9244-ec351b6d788f;2021-08-11T08:26:43;Approved;3;T;T;T;T;T;T;T;T;T;T;T;T;T;T;T;T;T;T;T;T;T;T;T;T;T;T;T;T;T;T;T;T;T;T;T;T;T;T;T;T;T;T;T;T;T;T;T;T;T;T;T;T;T;T;T;T;T;T;T;T;T;T;T;T;T;T;T;T;T;T
α;2021-08-11T15:46:11.848+02:00;2021-08-11T16:40:01.312+02:00;ee.kobotoolbox.org:fkPzvOuXAQYORag0;Männlich;2021-08-11T15:46:30.346+02:00;31;Fachhochschulreife (Fachabitur);3–9 Jahre;3–9 Jahre;Nein;Nein;Ja, habe bereits viel gespielt;2088;OK;2021-08-11T15:55:03.337+02:00;NodeDecorationController.cs;13;GameObjectExtensions.cs;11;TextureGenerator.cs;0;Materials.cs;6;ErosionIssues.cs;0;2021-08-11T16:07:24.443+02:00;2021-08-11T16:06:54.293+02:00;2021-08-11T16:06:26.474+02:00;2021-08-11T16:06:00.009+02:00;2021-08-11T16:04:40.862+02:00;2021-08-11T16:07:27.737+02:00;2021-08-11T16:06:56.559+02:00;2021-08-11T16:06:28.598+02:00;2021-08-11T16:06:03.207+02:00;2021-08-11T16:05:25.567+02:00;OK;2021-08-11T16:07:27.840+02:00;6;3;OK;2021-08-11T16:09:20.772+02:00;Sublayout.cs;22;LayoutVertex.cs;38;ILayoutNode.cs;4;NodeTransform.cs;12;LayoutNodes.cs;0;2021-08-11T16:12:22.151+02:00;2021-08-11T16:13:12.499+02:00;2021-08-11T16:13:50.016+02:00;2021-08-11T16:14:12.855+02:00;2021-08-11T16:14:33.004+02:00;2021-08-11T16:12:46.953+02:00;2021-08-11T16:13:01.422+02:00;2021-08-11T16:13:51.142+02:00;2021-08-11T16:14:03.733+02:00;2021-08-11T16:14:34.999+02:00;OK;2021-08-11T16:14:35.117+02:00;6;2;OK;2021-08-11T16:15:20.652+02:00;Stil-Verletzungen (Stift);Stil-Verletzungen (Stift);Stil-Verletzungen (Stift);Stil-Verletzungen (Stift);Stil-Verletzungen (Stift);2021-08-11T16:16:20.913+02:00;2021-08-11T16:16:35.010+02:00;2021-08-11T16:16:52.915+02:00;2021-08-11T16:17:22.670+02:00;2021-08-11T16:17:42.406+02:00;OK;2021-08-11T16:17:46.243+02:00;7: Sehr leicht;7: Sehr leicht;5: Stimme voll zu;1: Stimme überhaupt nicht zu;5: Stimme voll zu;1: Stimme überhaupt nicht zu;5: Stimme voll zu;1: Stimme überhaupt nicht zu;4;1: Stimme überhaupt nicht zu;5: Stimme voll zu;2;Merken der Position in der Ordnerstruktur, nach Rückkehr aus einer Datei.;60;OK;2021-08-11T16:29:29.607+02:00;Network;6;LoadCityAction;124;Server;3;TransformView;0;AbstractAction;0;2021-08-11T16:30:35.119+02:00;2021-08-11T16:30:56.980+02:00;2021-08-11T16:31:31.043+02:00;2021-08-11T16:31:44.295+02:00;2021-08-11T16:32:21.758+02:00;2021-08-11T16:30:36.157+02:00;2021-08-11T16:30:50.815+02:00;2021-08-11T16:31:31.744+02:00;2021-08-11T16:31:45.110+02:00;2021-08-11T16:32:22.669+02:00;OK;2021-08-11T16:32:23.986+02:00;7: Sehr leicht;7: Sehr leicht;OK;2021-08-11T16:32:45.639+02:00;SEEInput;6;PlayerSettings;18;KeyBindings;4;CodeSpaceManager;22;DictaionInput;4;2021-08-11T16:34:03.026+02:00;2021-08-11T16:34:27.460+02:00;2021-08-11T16:34:45.836+02:00;2021-08-11T16:35:10.241+02:00;2021-08-11T16:35:32.048+02:00;2021-08-11T16:34:07.923+02:00;2021-08-11T16:34:35.376+02:00;2021-08-11T16:34:46.117+02:00;2021-08-11T16:35:11.238+02:00;2021-08-11T16:35:32.348+02:00;OK;2021-08-11T16:35:34.346+02:00;7: Sehr leicht;7: Sehr leicht;OK;2021-08-11T16:35:39.314+02:00;Stil-Verletzungen (Stift);Metrik-Verletzungen (Geodreieck);Architektur-Verletzungen (Abstürzender Pfeil);Metrik-Verletzungen (Geodreieck);Architektur-Verletzungen (Abstürzender Pfeil);2021-08-11T16:36:30.324+02:00;2021-08-11T16:36:41.651+02:00;2021-08-11T16:37:13.788+02:00;2021-08-11T16:37:20.713+02:00;2021-08-11T16:37:40.559+02:00;OK;2021-08-11T16:37:41.641+02:00;7: Sehr leicht;7: Sehr leicht;5: Stimme voll zu;1: Stimme überhaupt nicht zu;4;1: Stimme überhaupt nicht zu;4;1: Stimme überhaupt nicht zu;4;1: Stimme überhaupt nicht zu;4;1: Stimme überhaupt nicht zu;Beschriftungen etwas unübersichtlich bei Überlappungen.;;109011614;e531333b-7471-4383-aeed-918a63a2e3ea;2021-08-11T14:40:02;Approved;4;T;T;T;T;T;T;T;T;T;T;T;T;T;T;T;T;T;T;T;T;T;T;T;T;T;T;T;T;T;T;T;T;T;T;T;T;T;T;T;T;T;T;T;T;T;T;T;T;T;T;T;T;T;T;T;T;T;T;T;T;T;T;T;T;T;T;T;T;T;T
α;2021-08-12T01:19:29.281+02:00;2021-08-12T03:16:00.615+02:00;ee.kobotoolbox.org:CgrVdwUL15JnkyNE;Männlich;2021-08-12T02:35:50.319+02:00;20;Allgemeine Hochschulreife (Abitur);3–9 Jahre;Weniger als 3 Jahre;Ja, habe davon gehört;Nein;Ja, habe bereits viel gespielt;2088;OK;2021-08-12T02:41:28.755+02:00;NodeDecorationController.cs;13;GameObjectExtensions.cs;11;TextureGenerator.cs;0;Materials.cs;6;ErosionIssues.cs;0;2021-08-12T02:46:22.967+02:00;2021-08-12T02:46:41.179+02:00;2021-08-12T02:46:54.274+02:00;2021-08-12T02:47:01.472+02:00;2021-08-12T02:47:09.511+02:00;2021-08-12T02:47:59.620+02:00;2021-08-12T02:48:05.738+02:00;2021-08-12T02:48:29.087+02:00;2021-08-12T02:48:30.276+02:00;2021-08-12T02:48:31.464+02:00;OK;2021-08-12T02:48:31.526+02:00;7: Sehr leicht;4;OK;2021-08-12T02:48:58.445+02:00;Sublayout.cs;22;LayoutVertex.cs;38;ILayoutNode.cs;4;NodeTransform.cs;12;LayoutNodes.cs;0;2021-08-12T02:50:51.077+02:00;2021-08-12T02:51:01.296+02:00;2021-08-12T02:51:08.251+02:00;2021-08-12T02:51:34.526+02:00;2021-08-12T02:51:46.422+02:00;2021-08-12T02:52:13.915+02:00;2021-08-12T02:52:08.294+02:00;2021-08-12T02:52:31.007+02:00;2021-08-12T02:52:21.385+02:00;2021-08-12T02:52:35.578+02:00;OK;2021-08-12T02:52:35.649+02:00;7: Sehr leicht;6;OK;2021-08-12T02:52:48.295+02:00;Stil-Verletzungen (Stift);Stil-Verletzungen (Stift);Stil-Verletzungen (Stift);Stil-Verletzungen (Stift);Stil-Verletzungen (Stift);2021-08-12T02:53:42.830+02:00;2021-08-12T02:53:49.877+02:00;2021-08-12T02:53:58.977+02:00;2021-08-12T02:54:04.678+02:00;2021-08-12T02:54:13.832+02:00;OK;2021-08-12T02:54:14.744+02:00;7: Sehr leicht;7: Sehr leicht;4;1: Stimme überhaupt nicht zu;5: Stimme voll zu;1: Stimme überhaupt nicht zu;4;1: Stimme überhaupt nicht zu;4;1: Stimme überhaupt nicht zu;5: Stimme voll zu;1: Stimme überhaupt nicht zu;Wemm die Anzahl der Zeilen, die eine Datei hat, zusätzlich zur Anzahl der Smells auch in einer Spalte aufgeführt würde, würde es das Finden der größten Dateien erleichtern bzw. im Produktiveinsatz eine Referenz geben, wie die Anzahl der Smells zu interpretieren ist (10 Smells in einer Datei mit 10 Zeilen sind vielleicht relevanter als 10 Smells in einer Datei mit 1000 Zeilen).;60;OK;2021-08-12T03:02:54.945+02:00;Network;6;LoadCityAction;124;Server;3;TransformView;0;AbstractAction;0;2021-08-12T03:04:00.303+02:00;2021-08-12T03:04:17.206+02:00;2021-08-12T03:04:44.479+02:00;2021-08-12T03:04:56.792+02:00;2021-08-12T03:05:22.451+02:00;2021-08-12T03:04:08.472+02:00;2021-08-12T03:04:32.789+02:00;2021-08-12T03:04:47.238+02:00;2021-08-12T03:05:23.923+02:00;2021-08-12T03:05:24.749+02:00;OK;2021-08-12T03:05:24.829+02:00;5;7: Sehr leicht;OK;2021-08-12T03:05:40.272+02:00;SEEInput;6;PlayerSettings;18;KeyBindings;4;CodeSpaceManager;22;DictationInput;4;2021-08-12T03:06:47.528+02:00;2021-08-12T03:07:02.372+02:00;2021-08-12T03:07:19.939+02:00;2021-08-12T03:07:51.075+02:00;2021-08-12T03:08:13.265+02:00;2021-08-12T03:06:43.834+02:00;2021-08-12T03:07:05.405+02:00;2021-08-12T03:07:20.939+02:00;2021-08-12T03:07:59.166+02:00;2021-08-12T03:08:15.257+02:00;OK;2021-08-12T03:08:15.816+02:00;5;5;OK;2021-08-12T03:08:33.317+02:00;Stil-Verletzungen (Stift);Metrik-Verletzungen (Geodreieck);Architektur-Verletzungen (Abstürzender Pfeil);Metrik-Verletzungen (Geodreieck);Architektur-Verletzungen (Abstürzender Pfeil);2021-08-12T03:08:54.427+02:00;2021-08-12T03:09:02.656+02:00;2021-08-12T03:09:15.758+02:00;2021-08-12T03:09:26.271+02:00;2021-08-12T03:09:35.938+02:00;OK;2021-08-12T03:09:41.829+02:00;7: Sehr leicht;7: Sehr leicht;2;4;3;1: Stimme überhaupt nicht zu;4;1: Stimme überhaupt nicht zu;3;3;4;2;Es ist schwer, nach Dateien mit bestimmtem Namen zu suchen, weil die Dateinamen (aus offensichtlichen Gründen) nicht immer angezeigt werden. Die Zahlen zu den Code Smells wurden nur in einer fixen Perspektive eingeblendet, d.h. wenn man von links auf die Visualisierung geschaut hat, waren die Zahlen nicht sichtbar. Es war ab und zu schwer abzuschätzen, ob eine Datei jetzt größer ist als eine andere. Dies wurde besonders dadurch erschwert, dass die meisten Würfel weiß waren und deshalb wie auch die Grundfläche das virtuelle Licht sehr stark reflektiert haben.;;109083524;8687a195-a631-49ec-93a1-8573b7280f8c;2021-08-12T01:16:01;Approved;5;T;T;T;T;T;T;T;T;T;T;T;T;T;T;T;T;T;T;T;T;T;T;T;T;T;T;T;T;T;T;T;T;T;T;T;T;T;T;T;T;T;T;T;T;T;T;T;T;T;T;T;T;T;T;T;T;T;T;T;T;T;T;T;T;T;T;T;T;T;T
α;2021-08-15T10:08:17.078+02:00;2021-08-15T11:33:55.363+02:00;ee.kobotoolbox.org:rowDMwVx4DsZxQQT;Männlich;2021-08-15T10:08:21.419+02:00;38;Allgemeine Hochschulreife (Abitur);3–9 Jahre;Noch gar nicht;Ja, habe davon gehört;Nein;Ja, habe bereits viel gespielt;2088;OK;2021-08-15T10:23:56.416+02:00;DonutFactory.cs;0;TextureGenerator.cs;0;GameObjectExtensions.cs;2;ZScoreScale.cs;0;IconFactory.cs;0;2021-08-15T10:48:19.438+02:00;2021-08-15T10:49:24.311+02:00;2021-08-15T10:50:05.900+02:00;2021-08-15T10:50:49.475+02:00;2021-08-15T10:51:53.576+02:00;2021-08-15T10:48:51.258+02:00;2021-08-15T10:49:36.680+02:00;2021-08-15T10:50:15.883+02:00;2021-08-15T10:51:04.114+02:00;2021-08-15T10:52:07.323+02:00;OK;2021-08-15T10:52:07.423+02:00;5;5;OK;2021-08-15T10:52:41.625+02:00;SubLayout.cs;22;LayoutVertex.cs;38;ILayoutNode.cs;4;NodeTransform.cs;12;LayoutNodes.cs;0;2021-08-15T10:57:18.957+02:00;2021-08-15T10:57:49.676+02:00;2021-08-15T10:58:35.085+02:00;2021-08-15T10:59:13.935+02:00;2021-08-15T10:59:47.875+02:00;2021-08-15T10:57:30.697+02:00;2021-08-15T10:58:10.605+02:00;2021-08-15T10:58:47.351+02:00;2021-08-15T10:59:26.497+02:00;2021-08-15T10:59:59.923+02:00;OK;2021-08-15T11:00:00.000+02:00;6;6;OK;2021-08-15T11:00:13.489+02:00;Stil-Verletzungen (Stift);Stil-Verletzungen (Stift);Stil-Verletzungen (Stift);;Stil-Verletzungen (Stift);2021-08-15T11:02:07.891+02:00;2021-08-15T11:02:27.674+02:00;2021-08-15T11:02:24.983+02:00;;2021-08-15T11:02:57.410+02:00;OK;2021-08-15T11:02:58.548+02:00;7: Sehr leicht;6;4;4;3;1: Stimme überhaupt nicht zu;4;2;5: Stimme voll zu;4;3;2;Es fehlte mir eine direkte Anzeige der Zeilen in einer Datei. Ich musste erst immer in die Datei navigieren um die Zeilenanzahl zu sehen. Vielleicht hab ich da auch was übersehen.;60;OK;2021-08-15T11:20:47.680+02:00;Network;6;LoadCityAction;124;Server;3;TransformView;0;ArchitectureViolationIssue;3;2021-08-15T11:22:15.763+02:00;2021-08-15T11:23:24.418+02:00;2021-08-15T11:24:03.225+02:00;2021-08-15T11:24:33.849+02:00;2021-08-15T11:25:10.148+02:00;2021-08-15T11:22:39.906+02:00;2021-08-15T11:23:34.491+02:00;2021-08-15T11:24:06.553+02:00;2021-08-15T11:24:37.660+02:00;2021-08-15T11:25:12.278+02:00;OK;2021-08-15T11:25:33.976+02:00;6;6;OK;2021-08-15T11:25:44.220+02:00;HideAction;50;SeeInput;6;ShowLabel;17;MappingAction;46;PlayerSettings;18;2021-08-15T11:26:49.577+02:00;2021-08-15T11:27:27.673+02:00;2021-08-15T11:28:03.287+02:00;2021-08-15T11:28:46.831+02:00;2021-08-15T11:29:09.510+02:00;2021-08-15T11:26:52.690+02:00;2021-08-15T11:27:33.213+02:00;2021-08-15T11:28:06.064+02:00;2021-08-15T11:28:50.663+02:00;2021-08-15T11:29:11.992+02:00;OK;2021-08-15T11:29:13.571+02:00;6;6;OK;2021-08-15T11:29:20.874+02:00;Stil-Verletzungen (Stift);Stil-Verletzungen (Stift);Architektur-Verletzungen (Abstürzender Pfeil);Metrik-Verletzungen (Geodreieck);Architektur-Verletzungen (Abstürzender Pfeil);2021-08-15T11:29:58.603+02:00;2021-08-15T11:30:15.185+02:00;2021-08-15T11:31:34.690+02:00;2021-08-15T11:32:09.047+02:00;2021-08-15T11:32:25.249+02:00;OK;2021-08-15T11:32:26.890+02:00;6;6;3;3;4;2;4;2;2;4;3;2;;;109548328;47602916-d413-482b-a00b-37e251c38499;2021-08-15T09:33:55;Approved;6;F;F;T;F;F;T;F;F;F;F;F;T;F;F;F;T;T;T;T;T;T;T;T;T;T;T;T;T;T;T;T;T;T;F;T;T;T;T;T;T;T;T;T;T;T;T;T;F;T;T;F;T;T;F;T;T;F;T;T;F;T;T;F;T;T;T;F;T;T;T
α;2021-08-17T21:21:55.893+02:00;2021-08-17T22:04:50.254+02:00;ee.kobotoolbox.org:lZ7teqoAEeabK1Cr;Männlich;2021-08-17T21:23:18.309+02:00;27;Allgemeine Hochschulreife (Abitur);3–9 Jahre;Noch gar nicht;Ja, habe daran entwickelt;Nein;Ja, aber habe kaum gespielt;2088;OK;2021-08-17T21:29:29.873+02:00;NodeDecorationController;13;GameObjectExtensions;11;TextureGenerator282;0;Materials215;6;ErosionIssues;0;2021-08-17T21:33:09.756+02:00;2021-08-17T21:34:10.891+02:00;2021-08-17T21:35:24.341+02:00;2021-08-17T21:37:08.306+02:00;2021-08-17T21:38:38.213+02:00;2021-08-17T21:33:29.888+02:00;2021-08-17T21:34:20.313+02:00;2021-08-17T21:35:19.179+02:00;2021-08-17T21:37:27.937+02:00;2021-08-17T21:38:50.202+02:00;OK;2021-08-17T21:38:50.292+02:00;5;3;OK;2021-08-17T21:39:20.569+02:00;Sublayout;22;LayoutVertex;38;ILayoutNode;4;NodeTransform;12;LayoutNodes;0;2021-08-17T21:40:24.182+02:00;2021-08-17T21:40:48.663+02:00;2021-08-17T21:41:10.682+02:00;2021-08-17T21:41:36.401+02:00;2021-08-17T21:41:46.315+02:00;2021-08-17T21:40:36.172+02:00;2021-08-17T21:40:56.076+02:00;2021-08-17T21:41:16.450+02:00;2021-08-17T21:41:55.411+02:00;2021-08-17T21:42:03.527+02:00;OK;2021-08-17T21:42:03.637+02:00;7: Sehr leicht;6;OK;2021-08-17T21:42:16.097+02:00;Metrik-Verletzungen (Geodreieck);Metrik-Verletzungen (Geodreieck);Metrik-Verletzungen (Geodreieck);Metrik-Verletzungen (Geodreieck);Metrik-Verletzungen (Geodreieck);2021-08-17T21:43:11.280+02:00;2021-08-17T21:43:38.632+02:00;2021-08-17T21:43:51.762+02:00;2021-08-17T21:44:07.526+02:00;2021-08-17T21:44:21.500+02:00;OK;2021-08-17T21:44:22.016+02:00;6;4;2;5: Stimme voll zu;3;1: Stimme überhaupt nicht zu;3;3;4;4;4;1: Stimme überhaupt nicht zu;Jede Datei einzeln anzuklicken um herauszufinden wie groß (Zeilen) die Datei ist, ist unnötig komplex und könnte über das hovern über eine Datei und das anzeigen einiger Metadaten die Bedienung erleichtern. Wobei man auch sagen muss, dass dieses Dashbord weniger gebraucht wird um zu schauen wie groß eine Datei ist.;60;OK;2021-08-17T21:54:43.607+02:00;Network;6;LoadCityAction;124;Server;3;TransformView;0;AbstractAction;0;2021-08-17T21:55:13.275+02:00;2021-08-17T21:55:32.918+02:00;2021-08-17T21:56:08.224+02:00;2021-08-17T21:56:35.536+02:00;2021-08-17T21:56:56.869+02:00;2021-08-17T21:55:14.985+02:00;2021-08-17T21:55:35.780+02:00;2021-08-17T21:56:09.025+02:00;2021-08-17T21:56:39.466+02:00;2021-08-17T21:57:05.349+02:00;OK;2021-08-17T21:57:15.867+02:00;6;6;OK;2021-08-17T21:57:26.040+02:00;SEEInput;6;PlayerSettings;18;KeyBindings;4;CodeSpaceManager;22;DictationInput;4;2021-08-17T21:58:09.713+02:00;2021-08-17T21:58:37.581+02:00;2021-08-17T21:59:06.876+02:00;2021-08-17T21:59:34.380+02:00;2021-08-17T22:00:00.222+02:00;2021-08-17T21:58:11.176+02:00;2021-08-17T21:58:40.101+02:00;2021-08-17T21:59:14.144+02:00;2021-08-17T21:59:43.523+02:00;2021-08-17T22:00:11.048+02:00;OK;2021-08-17T22:00:11.437+02:00;5;5;OK;2021-08-17T22:00:22.839+02:00;Stil-Verletzungen (Stift);Metrik-Verletzungen (Geodreieck);Architektur-Verletzungen (Abstürzender Pfeil);Metrik-Verletzungen (Geodreieck);Architektur-Verletzungen (Abstürzender Pfeil);2021-08-17T22:01:08.212+02:00;2021-08-17T22:01:18.315+02:00;2021-08-17T22:01:39.793+02:00;2021-08-17T22:01:53.622+02:00;2021-08-17T22:03:20.957+02:00;OK;2021-08-17T22:03:21.983+02:00;5;3;3;3;3;1: Stimme überhaupt nicht zu;2;3;3;3;2;1: Stimme überhaupt nicht zu;;;109926072;1be35458-a789-4b3c-bbcb-e5bd4e03c675;2021-08-17T20:04:51;Approved;7;T;T;T;T;T;T;T;T;T;T;T;T;T;T;T;T;T;T;T;T;T;T;T;T;T;T;T;T;T;T;F;F;F;F;F;T;T;T;T;T;T;T;T;T;T;T;T;T;T;T;T;T;T;T;T;T;T;T;T;T;T;T;T;T;T;T;T;T;T;T
α;2021-08-18T18:47:36.669+02:00;2021-08-18T19:26:55.524+02:00;ee.kobotoolbox.org:QWqiEAXoB4KoNuL6;Männlich;2021-08-18T18:47:53.823+02:00;26;Bachelor-Abschluss;10–19 Jahre;Weniger als 3 Jahre;Ja, habe daran entwickelt;Nein;Ja, habe bereits viel gespielt;2088;OK;2021-08-18T18:55:54.376+02:00;NodeDecorationController.cs;13;GameObjectExtensions.cs;11;TextureGenerator.cs;0;Materials.cs;;TextGUIAndPaperResizer.cs;0;2021-08-18T18:59:56.742+02:00;2021-08-18T19:00:26.802+02:00;2021-08-18T19:03:12.886+02:00;2021-08-18T19:03:22.935+02:00;2021-08-18T19:03:36.207+02:00;2021-08-18T19:00:18.177+02:00;2021-08-18T19:00:37.395+02:00;2021-08-18T19:04:19.996+02:00;2021-08-18T19:04:01.896+02:00;2021-08-18T19:03:53.989+02:00;OK;2021-08-18T19:06:50.735+02:00;4;5;OK;2021-08-18T19:07:19.047+02:00;Sublayout.cs;22;LayoutVertex.cs;38;ILayoutNode.cs;4;NodeTransform.cs;12;LayoutNodes.cs;0;2021-08-18T19:09:35.832+02:00;2021-08-18T19:09:41.258+02:00;2021-08-18T19:09:46.910+02:00;2021-08-18T19:09:52.260+02:00;2021-08-18T19:09:57.922+02:00;2021-08-18T19:10:14.037+02:00;2021-08-18T19:10:23.432+02:00;2021-08-18T19:10:29.483+02:00;2021-08-18T19:10:46.124+02:00;2021-08-18T19:10:54.568+02:00;OK;2021-08-18T19:10:54.652+02:00;4;3;OK;2021-08-18T19:11:09.211+02:00;Stil-Verletzungen (Stift);Stil-Verletzungen (Stift);Stil-Verletzungen (Stift);Stil-Verletzungen (Stift);Stil-Verletzungen (Stift);2021-08-18T19:11:54.348+02:00;2021-08-18T19:12:03.828+02:00;2021-08-18T19:12:18.458+02:00;2021-08-18T19:12:37.687+02:00;2021-08-18T19:12:48.446+02:00;OK;2021-08-18T19:12:48.996+02:00;6;5;3;2;4;1: Stimme überhaupt nicht zu;4;1: Stimme überhaupt nicht zu;5: Stimme voll zu;3;4;1: Stimme überhaupt nicht zu;Sortierfunktion nach Code-Zeilen wäre praktisch gewesen. Alle Dateien zu öffnen und manuell zu sortieren ist sehr mühselig.;60;OK;2021-08-18T19:20:14.523+02:00;Network;6;LoadCityAction;124;Server;3;TransformView;0;AbstractAction;0;2021-08-18T19:20:32.108+02:00;2021-08-18T19:20:40.318+02:00;2021-08-18T19:20:45.205+02:00;2021-08-18T19:20:52.509+02:00;2021-08-18T19:21:02.250+02:00;2021-08-18T19:21:11.712+02:00;2021-08-18T19:21:13.058+02:00;2021-08-18T19:21:22.596+02:00;2021-08-18T19:21:28.812+02:00;2021-08-18T19:21:39.787+02:00;OK;2021-08-18T19:21:39.886+02:00;5;5;OK;2021-08-18T19:21:56.854+02:00;SEEInput;6;PlayerSettings;18;KeyBindings;4;CodeSpaceManager;22;DictationInput;4;2021-08-18T19:22:23.945+02:00;2021-08-18T19:22:30.321+02:00;2021-08-18T19:22:36.039+02:00;2021-08-18T19:22:42.634+02:00;2021-08-18T19:22:54.447+02:00;2021-08-18T19:23:15.378+02:00;2021-08-18T19:23:17.092+02:00;2021-08-18T19:23:17.869+02:00;2021-08-18T19:23:22.654+02:00;2021-08-18T19:23:24.500+02:00;OK;2021-08-18T19:23:24.891+02:00;6;6;OK;2021-08-18T19:23:36.037+02:00;Stil-Verletzungen (Stift);Metrik-Verletzungen (Geodreieck);Architektur-Verletzungen (Abstürzender Pfeil);Metrik-Verletzungen (Geodreieck);Architektur-Verletzungen (Abstürzender Pfeil);2021-08-18T19:24:09.737+02:00;2021-08-18T19:24:19.261+02:00;2021-08-18T19:24:31.873+02:00;2021-08-18T19:24:54.754+02:00;2021-08-18T19:25:08.920+02:00;OK;2021-08-18T19:25:09.839+02:00;6;6;3;3;4;1: Stimme überhaupt nicht zu;3;1: Stimme überhaupt nicht zu;5: Stimme voll zu;2;4;1: Stimme überhaupt nicht zu;Die Labels haben sich häufig überlappt. Das war teilweise etwas schwierig zu lesen.;;110078545;26cbc9b2-383b-412a-9b29-4bb32dd9786a;2021-08-18T17:26:54;Approved;8;T;T;T;T;T;T;T;T;T;T;T;F;F;F;T;T;T;T;T;T;T;T;T;T;T;T;T;T;T;T;T;T;T;T;T;T;T;T;T;T;T;T;T;T;T;T;T;T;T;T;T;T;T;T;T;T;T;T;T;T;T;T;T;T;T;T;T;T;T;T
α;2021-08-20T09:00:05.645+02:00;2021-08-20T09:59:47.319+02:00;ee.kobotoolbox.org:g2wj7CC9AcQT9enB;Männlich;2021-08-20T09:12:43.344+02:00;21;Allgemeine Hochschulreife (Abitur);3–9 Jahre;Weniger als 3 Jahre;Ja, habe ich bereits genutzt;Nein;Ja, habe bereits viel gespielt;2088;OK;2021-08-20T09:32:40.897+02:00;NodeDecorationController.cs;13;GameObjectExtensions.cs;11;TextureGenerator.cs;0;Materials.cs;6;ErosionIssues.cs;0;2021-08-20T09:38:35.856+02:00;2021-08-20T09:38:50.145+02:00;2021-08-20T09:38:58.793+02:00;2021-08-20T09:39:08.711+02:00;2021-08-20T09:39:16.057+02:00;2021-08-20T09:39:55.220+02:00;2021-08-20T09:40:04.675+02:00;2021-08-20T09:40:10.707+02:00;2021-08-20T09:40:22.448+02:00;2021-08-20T09:40:37.467+02:00;OK;2021-08-20T09:34:41.876+02:00;5;3;OK;2021-08-20T09:34:52.416+02:00;Sublayout.cs;12;LayoutVertex.cs;0;ILayoutNode.cs;0;NodeTransform.cs;0;LayoutNodes.cs;0;2021-08-20T09:42:30.121+02:00;2021-08-20T09:42:37.534+02:00;2021-08-20T09:42:44.808+02:00;2021-08-20T09:42:57.579+02:00;2021-08-20T09:43:04.422+02:00;2021-08-20T09:43:37.573+02:00;2021-08-20T09:43:46.263+02:00;2021-08-20T09:43:47.260+02:00;2021-08-20T09:43:49.044+02:00;2021-08-20T09:43:50.958+02:00;OK;2021-08-20T09:44:01.730+02:00;5;3;OK;2021-08-20T09:44:12.000+02:00;Stil-Verletzungen (Stift);Metrik-Verletzungen (Geodreieck);Stil-Verletzungen (Stift);Stil-Verletzungen (Stift);Stil-Verletzungen (Stift);2021-08-20T09:45:16.645+02:00;2021-08-20T09:45:26.804+02:00;2021-08-20T09:45:42.512+02:00;2021-08-20T09:45:57.156+02:00;2021-08-20T09:46:09.737+02:00;OK;2021-08-20T09:46:10.782+02:00;6;4;4;1: Stimme überhaupt nicht zu;5: Stimme voll zu;1: Stimme überhaupt nicht zu;3;1: Stimme überhaupt nicht zu;5: Stimme voll zu;3;4;1: Stimme überhaupt nicht zu;;60;OK;2021-08-20T09:51:04.234+02:00;Network;6;LoadCityAction;124;Server;3;TransformView;0;AbstractAction;0;2021-08-20T09:51:41.639+02:00;2021-08-20T09:51:55.244+02:00;2021-08-20T09:52:09.201+02:00;2021-08-20T09:52:20.109+02:00;2021-08-20T09:52:32.023+02:00;2021-08-20T09:51:42.542+02:00;2021-08-20T09:51:57.205+02:00;2021-08-20T09:52:09.723+02:00;2021-08-20T09:52:20.627+02:00;2021-08-20T09:52:33.293+02:00;OK;2021-08-20T09:52:33.385+02:00;6;7: Sehr leicht;OK;2021-08-20T09:52:44.243+02:00;SEEInput;6;PlayerSettings;18;KeyBindings;4;CodeSpaceManager;22;DictationInput;4;2021-08-20T09:54:45.652+02:00;2021-08-20T09:54:54.954+02:00;2021-08-20T09:55:15.870+02:00;2021-08-20T09:55:25.614+02:00;2021-08-20T09:55:41.530+02:00;2021-08-20T09:54:46.490+02:00;2021-08-20T09:54:56.988+02:00;2021-08-20T09:55:16.424+02:00;2021-08-20T09:55:32.545+02:00;2021-08-20T09:55:43.178+02:00;OK;2021-08-20T09:55:43.249+02:00;6;6;OK;2021-08-20T09:55:50.237+02:00;Stil-Verletzungen (Stift);Metrik-Verletzungen (Geodreieck);Architektur-Verletzungen (Abstürzender Pfeil);Metrik-Verletzungen (Geodreieck);Architektur-Verletzungen (Abstürzender Pfeil);2021-08-20T09:57:40.696+02:00;2021-08-20T09:57:39.667+02:00;2021-08-20T09:57:28.846+02:00;2021-08-20T09:57:16.597+02:00;2021-08-20T09:57:06.037+02:00;OK;2021-08-20T09:57:45.228+02:00;4;6;4;2;5: Stimme voll zu;1: Stimme überhaupt nicht zu;3;1: Stimme überhaupt nicht zu;5: Stimme voll zu;1: Stimme überhaupt nicht zu;4;2;Manche Statistiken wurden von anderen Texten nach dem Zoomen verdeckt und waren etwas schwer zu erkennen.;Ich dachte zuerst, dass die Statistiken sortiert sind (nur meine Verwirrung gewesen);110308725;fc25a5ca-209e-486d-8045-a5e31264fd47;2021-08-20T07:59:47;Approved;9;T;T;T;T;T;T;T;T;T;T;T;T;T;T;T;T;T;F;T;T;F;T;T;F;T;T;F;T;T;T;T;F;T;T;T;T;T;T;T;T;T;T;T;T;T;T;T;T;T;T;T;T;T;T;T;T;T;T;T;T;T;T;T;T;T;T;T;T;T;T
α;2021-08-21T11:02:39.833+02:00;2021-08-21T12:05:59.793+02:00;ee.kobotoolbox.org:rX60YiaGhepXtoJZ;Männlich;2021-08-21T11:03:14.164+02:00;27;Allgemeine Hochschulreife (Abitur);3–9 Jahre;Weniger als 3 Jahre;Ja, habe ich bereits genutzt;Ja, habe ich bereits genutzt;Ja, habe bereits viel gespielt;2088;OK;2021-08-21T11:11:06.385+02:00;NodeDecorationController.cs;122;GameObjectExtensions.cs;30;TextureGenerator.cs;69;Materials.cs;62;ErosionIssues.cs;16;2021-08-21T11:16:21.231+02:00;2021-08-21T11:16:45.898+02:00;2021-08-21T11:17:05.326+02:00;2021-08-21T11:17:17.463+02:00;2021-08-21T11:17:39.287+02:00;2021-08-21T11:16:25.887+02:00;2021-08-21T11:16:52.620+02:00;2021-08-21T11:17:09.049+02:00;2021-08-21T11:17:20.022+02:00;2021-08-21T11:17:44.202+02:00;OK;2021-08-21T11:17:44.277+02:00;7: Sehr leicht;3;OK;2021-08-21T11:18:34.297+02:00;Sublayout.cs;22;LayoutVertex.cs;38;ILayoutNode.cs;4;NodeTransform.cs;12;LayoutNodes.cs;0;2021-08-21T11:20:40.579+02:00;2021-08-21T11:21:21.905+02:00;2021-08-21T11:21:36.542+02:00;2021-08-21T11:21:47.358+02:00;2021-08-21T11:21:56.827+02:00;2021-08-21T11:21:11.649+02:00;2021-08-21T11:22:10.691+02:00;2021-08-21T11:22:14.346+02:00;2021-08-21T11:22:18.326+02:00;2021-08-21T11:22:24.737+02:00;OK;2021-08-21T11:22:24.802+02:00;7: Sehr leicht;3;OK;2021-08-21T11:22:36.966+02:00;Stil-Verletzungen (Stift);Stil-Verletzungen (Stift);Stil-Verletzungen (Stift);Stil-Verletzungen (Stift);Stil-Verletzungen (Stift);2021-08-21T11:23:08.467+02:00;2021-08-21T11:23:17.885+02:00;2021-08-21T11:23:29.082+02:00;2021-08-21T11:23:39.105+02:00;2021-08-21T11:23:46.674+02:00;OK;2021-08-21T11:23:47.224+02:00;7: Sehr leicht;5;4;2;5: Stimme voll zu;1: Stimme überhaupt nicht zu;4;1: Stimme überhaupt nicht zu;4;3;5: Stimme voll zu;1: Stimme überhaupt nicht zu;Für dieses Anwendungsfall wäre eine Optionale Column mit den LOC der Dateien hilfreich.;60;OK;2021-08-21T11:55:21.582+02:00;Network;6;LoadCityAction;124;Server;3;TransformView;0;AbstractAction;0;2021-08-21T11:56:24.888+02:00;2021-08-21T11:56:44.062+02:00;2021-08-21T11:57:00.240+02:00;2021-08-21T11:57:15.892+02:00;2021-08-21T11:57:34.970+02:00;2021-08-21T11:56:27.586+02:00;2021-08-21T11:56:47.846+02:00;2021-08-21T11:57:02.925+02:00;2021-08-21T11:57:20.256+02:00;2021-08-21T11:57:36.648+02:00;OK;2021-08-21T11:57:36.764+02:00;7: Sehr leicht;5;OK;2021-08-21T11:58:04.792+02:00;SEEInput;6;PlayerSettings;18;KeyBindings;4;CodeSpaceManager;22;DictationInput;4;2021-08-21T11:59:00.180+02:00;2021-08-21T11:59:16.093+02:00;2021-08-21T11:59:36.377+02:00;2021-08-21T11:59:49.097+02:00;2021-08-21T12:00:03.087+02:00;2021-08-21T11:59:03.622+02:00;2021-08-21T11:59:19.334+02:00;2021-08-21T11:59:37.955+02:00;2021-08-21T11:59:51.921+02:00;2021-08-21T12:00:04.471+02:00;OK;2021-08-21T12:00:04.555+02:00;7: Sehr leicht;5;OK;2021-08-21T12:00:09.254+02:00;Stil-Verletzungen (Stift);Metrik-Verletzungen (Geodreieck);Stil-Verletzungen (Stift);Metrik-Verletzungen (Geodreieck);Stil-Verletzungen (Stift);2021-08-21T12:01:01.356+02:00;2021-08-21T12:01:02.235+02:00;2021-08-21T12:01:21.832+02:00;2021-08-21T12:01:24.028+02:00;2021-08-21T12:01:27.227+02:00;OK;2021-08-21T12:01:28.584+02:00;7: Sehr leicht;6;4;2;4;1: Stimme überhaupt nicht zu;4;1: Stimme überhaupt nicht zu;3;2;5: Stimme voll zu;1: Stimme überhaupt nicht zu;Weiß nicht mehr, ob es eine Option dafür gab, aber ich fand es etwas störend, dass die Symbole für die verschiedenen Issuetypen durchgehend angezeigt wurden, auch wenn man die Datei grade nicht betrachtet.;;110469153;4ba57709-fdca-4bea-8976-3266e108a52a;2021-08-21T10:06:00;Approved;10;T;T;F;T;T;F;T;T;F;T;T;F;T;T;F;T;T;T;T;T;T;T;T;T;T;T;T;T;T;T;T;T;T;T;T;T;T;T;T;T;T;T;T;T;T;T;T;T;T;T;T;T;T;T;T;T;T;T;T;T;T;T;T;T;T;T;T;F;T;F
α;2021-08-21T14:31:15.108+02:00;2021-08-21T15:33:43.233+02:00;ee.kobotoolbox.org:xUajz0GKBrLIZdFV;Männlich;2021-08-21T14:31:43.037+02:00;30;Master-Abschluss;3–9 Jahre;3–9 Jahre;Ja, habe davon gehört;Ja, habe daran entwickelt;Nein, noch nie;2088;OK;2021-08-21T14:45:53.023+02:00;NodeDecorationController.cs;13;GameObjectExtensions.cs;11;TextureGenerator.cs;0;Materials.cs;6;ErosionIssues.cs;0;2021-08-21T14:49:01.401+02:00;2021-08-21T14:49:56.159+02:00;2021-08-21T14:50:26.686+02:00;2021-08-21T14:51:24.287+02:00;2021-08-21T14:51:54.764+02:00;2021-08-21T14:49:45.726+02:00;2021-08-21T14:50:08.871+02:00;2021-08-21T14:51:10.677+02:00;2021-08-21T14:51:25.512+02:00;2021-08-21T14:51:56.790+02:00;OK;2021-08-21T14:51:56.906+02:00;5;3;OK;2021-08-21T14:52:21.030+02:00;Sublayout.cs;22;LayoutVertex.cs;38;ILayoutNode.cs;4;NodeTransform.cs;12;LayoutNodes.cs;0;2021-08-21T14:55:27.840+02:00;2021-08-21T14:55:55.630+02:00;2021-08-21T14:56:16.657+02:00;2021-08-21T14:56:45.263+02:00;2021-08-21T14:57:03.163+02:00;2021-08-21T14:55:41.473+02:00;2021-08-21T14:55:59.673+02:00;2021-08-21T14:56:17.966+02:00;2021-08-21T14:56:46.241+02:00;2021-08-21T14:57:05.088+02:00;OK;2021-08-21T14:57:05.208+02:00;5;3;OK;2021-08-21T14:57:18.007+02:00;Stil-Verletzungen (Stift);Stil-Verletzungen (Stift);Stil-Verletzungen (Stift);Stil-Verletzungen (Stift);Stil-Verletzungen (Stift);2021-08-21T14:59:00.539+02:00;2021-08-21T14:59:17.578+02:00;2021-08-21T14:59:27.267+02:00;2021-08-21T14:59:38.366+02:00;2021-08-21T14:59:53.239+02:00;OK;2021-08-21T14:59:53.998+02:00;7: Sehr leicht;5;4;3;3;1: Stimme überhaupt nicht zu;3;3;3;3;5: Stimme voll zu;1: Stimme überhaupt nicht zu;Metriken wie Lines Of Code in der Projektindex-Spalte wuerde die Aufgabe einfacher machen.;60;OK;2021-08-21T15:18:13.507+02:00;Network;6;LoadCityAction;124;Server;3;TransformView;0;AbstractAction;0;2021-08-21T15:21:27.645+02:00;2021-08-21T15:21:41.451+02:00;2021-08-21T15:22:02.222+02:00;2021-08-21T15:22:14.664+02:00;2021-08-21T15:22:28.132+02:00;2021-08-21T15:20:32.469+02:00;2021-08-21T15:21:52.203+02:00;2021-08-21T15:22:04.216+02:00;2021-08-21T15:22:15.489+02:00;2021-08-21T15:22:30.055+02:00;OK;2021-08-21T15:22:30.200+02:00;4;4;OK;2021-08-21T15:23:01.441+02:00;SeeInput;6;PlayerSettings;18;KeyBindings;4;CodeSpaceManager;22;DictationInput;4;2021-08-21T15:24:23.641+02:00;2021-08-21T15:24:38.228+02:00;2021-08-21T15:24:52.613+02:00;2021-08-21T15:25:11.379+02:00;2021-08-21T15:25:37.813+02:00;2021-08-21T15:24:24.811+02:00;2021-08-21T15:24:42.187+02:00;2021-08-21T15:24:56.588+02:00;2021-08-21T15:25:22.545+02:00;2021-08-21T15:25:45.057+02:00;OK;2021-08-21T15:25:45.149+02:00;6;6;OK;2021-08-21T15:25:58.643+02:00;Stil-Verletzungen (Stift);Metrik-Verletzungen (Geodreieck);Architektur-Verletzungen (Abstürzender Pfeil);Metrik-Verletzungen (Geodreieck);Architektur-Verletzungen (Abstürzender Pfeil);2021-08-21T15:28:16.718+02:00;2021-08-21T15:28:32.014+02:00;2021-08-21T15:28:52.723+02:00;2021-08-21T15:29:12.529+02:00;2021-08-21T15:29:32.343+02:00;OK;2021-08-21T15:29:33.474+02:00;4;4;2;4;4;1: Stimme überhaupt nicht zu;4;3;4;4;4;3;- Namen von Bloecken im Viewbereich einblenden - eingebaute Suche;Haette das Dashboard eine Lines Of Code Spalte waere die Aufgabe trivial. Haette SEE eine Suchfunktion waere die Aufgabe leichter.;110495182;066704eb-81bb-4e0f-b68e-9406d940c303;2021-08-21T13:33:44;Approved;11;T;T;T;T;T;T;T;T;T;T;T;T;T;T;T;T;T;T;T;T;T;T;T;T;T;T;T;T;T;T;T;T;T;T;T;T;T;T;T;T;T;T;T;T;T;T;T;T;T;T;T;T;T;T;T;T;T;T;T;T;T;T;T;T;T;T;T;T;T;T
α;2021-08-30T18:24:24.088+02:00;2021-08-30T19:14:27.781+02:00;ee.kobotoolbox.org:pokogkzMjz2dP2ox;Männlich;2021-08-30T18:24:30.672+02:00;60;Master-Abschluss;Gar nicht;Noch gar nicht;Nein;Nein;Nein, noch nie;2088;OK;2021-08-30T18:31:26.298+02:00;NodeDecorationController.cs;13;GameObjectExtensions.cs;11;TextureGenerator.cs;0;Materials.cs;6;TextGUIAndPaperResizer.cs;0;2021-08-30T18:42:15.634+02:00;2021-08-30T18:42:12.530+02:00;2021-08-30T18:42:08.644+02:00;2021-08-30T18:42:06.415+02:00;2021-08-30T18:43:05.154+02:00;2021-08-30T18:40:46.470+02:00;2021-08-30T18:40:37.656+02:00;2021-08-30T18:41:36.847+02:00;2021-08-30T18:42:29.899+02:00;2021-08-30T18:43:22.738+02:00;OK;2021-08-30T18:43:22.975+02:00;4;4;OK;2021-08-30T18:44:04.336+02:00;Sublayout.cs;22;LayoutVertex.cs;38;ILayoutNode.cs;4;NodeTransform.cs;12;LayoutNodes.cs;0;2021-08-30T18:47:22.565+02:00;2021-08-30T18:47:52.143+02:00;2021-08-30T18:48:23.199+02:00;2021-08-30T18:48:53.047+02:00;2021-08-30T18:49:34.593+02:00;2021-08-30T18:47:24.606+02:00;2021-08-30T18:48:06.171+02:00;2021-08-30T18:48:35.804+02:00;2021-08-30T18:49:09.029+02:00;2021-08-30T18:49:46.060+02:00;OK;2021-08-30T18:49:46.210+02:00;4;5;OK;2021-08-30T18:50:09.124+02:00;Stil-Verletzungen (Stift);Stil-Verletzungen (Stift);Stil-Verletzungen (Stift);Stil-Verletzungen (Stift);Stil-Verletzungen (Stift);2021-08-30T18:51:24.160+02:00;2021-08-30T18:51:38.140+02:00;2021-08-30T18:51:50.311+02:00;2021-08-30T18:52:05.014+02:00;2021-08-30T18:54:16.363+02:00;OK;2021-08-30T18:54:28.814+02:00;4;5;3;2;4;1: Stimme überhaupt nicht zu;4;2;4;2;4;2;Eine farbliche Unterscheidung der Code Smells würde mir das Ablesen erleichern.;60;OK;2021-08-30T18:57:35.553+02:00;Network;6;LoadCityAction;124;Server;3;TransformView;0;AbstractAction;0;2021-08-30T18:58:28.688+02:00;2021-08-30T18:59:05.523+02:00;2021-08-30T18:59:53.166+02:00;2021-08-30T19:00:19.527+02:00;2021-08-30T19:00:49.564+02:00;2021-08-30T18:58:39.075+02:00;2021-08-30T18:59:07.962+02:00;2021-08-30T18:59:55.789+02:00;2021-08-30T19:00:21.512+02:00;2021-08-30T19:00:52.610+02:00;OK;2021-08-30T19:00:52.740+02:00;3;3;OK;2021-08-30T19:01:18.561+02:00;SEEInput;6;PlayerSettings;18;KeyBindings;4;CodeSpaceManager;22;DictionInput;4;2021-08-30T19:02:43.133+02:00;2021-08-30T19:03:08.581+02:00;2021-08-30T19:03:39.099+02:00;2021-08-30T19:04:20.990+02:00;2021-08-30T19:05:10.796+02:00;2021-08-30T19:02:45.549+02:00;2021-08-30T19:03:11.932+02:00;2021-08-30T19:03:40.646+02:00;2021-08-30T19:04:22.847+02:00;2021-08-30T19:05:12.235+02:00;OK;2021-08-30T19:05:21.018+02:00;4;3;OK;2021-08-30T19:05:49.171+02:00;Stil-Verletzungen (Stift);Metrik-Verletzungen (Geodreieck);Architektur-Verletzungen (Abstürzender Pfeil);Metrik-Verletzungen (Geodreieck);Architektur-Verletzungen (Abstürzender Pfeil);2021-08-30T19:06:47.837+02:00;2021-08-30T19:07:05.148+02:00;2021-08-30T19:07:36.508+02:00;2021-08-30T19:07:53.778+02:00;2021-08-30T19:08:26.036+02:00;OK;2021-08-30T19:08:32.094+02:00;4;5;3;2;2;1: Stimme überhaupt nicht zu;4;3;2;2;3;3;"Die Code Smell-Anzeigen liegen häufig übereinander; das erwschwert mir das korrekte Ablesen. Die kleinen Dateien sind farblich nicht mehr unterschieden, da würde mir mehr Differenzierung helfen. Das beim Heumfahren um den Tisch die Zahlen nicht ""mitwandern"", sondern von hinten gelsen werden müssen, ist nicht hilfreich.";"Ich habe einige Zeit zum Üben gebraucht. Insgesamt war mir die grafische Darstellung zu wenig ""fein"". Dennoch war es noch einiger Übung erstaunlich schnell und recht sicher zu handhaben.";111744631;497ed0cd-5c18-4e00-abc7-ae94f55de839;2021-08-30T17:14:23;Approved;12;T;T;T;T;T;T;T;T;T;T;T;T;F;F;T;T;T;T;T;T;T;T;T;T;T;T;T;T;T;T;T;T;T;T;T;T;T;T;T;T;T;T;T;T;T;T;T;T;T;T;T;T;T;T;T;T;T;T;T;T;T;T;T;T;T;T;T;T;T;T
β;2021-09-01T20:13:41.687+02:00;2021-09-01T20:49:34.455+02:00;ee.kobotoolbox.org:D5FCtbQrvo4WEsdg;Männlich;2021-09-01T20:14:02.518+02:00;22;Allgemeine Hochschulreife (Abitur);Weniger als 3 Jahre;Noch gar nicht;Nein;Nein;Ja, habe bereits viel gespielt;60;OK;2021-09-01T20:23:54.763+02:00;NodeDecorationController;45;DonutFactory;22;CylinderFactory;19;TextureGenerator;20;IScale;7;2021-09-01T20:24:59.581+02:00;2021-09-01T20:25:24.391+02:00;2021-09-01T20:26:03.643+02:00;2021-09-01T20:26:28.297+02:00;2021-09-01T20:26:51.728+02:00;2021-09-01T20:25:08.161+02:00;2021-09-01T20:25:26.197+02:00;2021-09-01T20:26:05.119+02:00;2021-09-01T20:26:20.706+02:00;2021-09-01T20:26:54.041+02:00;OK;2021-09-01T20:26:54.086+02:00;5;6;OK;2021-09-01T20:27:09.618+02:00;CoseLayout;96;CoseNode;75;CoseGraphManager;47;Measurements;28;CoseGraph;55;2021-09-01T20:27:46.520+02:00;2021-09-01T20:27:58.399+02:00;2021-09-01T20:28:19.553+02:00;2021-09-01T20:29:22.253+02:00;2021-09-01T20:30:11.568+02:00;2021-09-01T20:27:48.279+02:00;2021-09-01T20:27:59.616+02:00;2021-09-01T20:28:17.770+02:00;2021-09-01T20:29:27.930+02:00;2021-09-01T20:30:19.955+02:00;OK;2021-09-01T20:30:20.020+02:00;6;6;OK;2021-09-01T20:30:29.719+02:00;Stil-Verletzungen (Stift);Stil-Verletzungen (Stift);Stil-Verletzungen (Stift);Stil-Verletzungen (Stift);Architektur-Verletzungen (Abstürzender Pfeil);2021-09-01T20:31:18.757+02:00;2021-09-01T20:31:48.694+02:00;2021-09-01T20:31:59.341+02:00;2021-09-01T20:32:10.763+02:00;2021-09-01T20:32:37.193+02:00;OK;2021-09-01T20:32:38.025+02:00;6;6;4;1: Stimme überhaupt nicht zu;5: Stimme voll zu;1: Stimme überhaupt nicht zu;5: Stimme voll zu;1: Stimme überhaupt nicht zu;5: Stimme voll zu;1: Stimme überhaupt nicht zu;5: Stimme voll zu;1: Stimme überhaupt nicht zu;"Eine möglich die einzelnen Zeilen horizontal sortieren zu lassen, sodass schnell der ""größte"" SmellTyp"" (Anzahl) gefunden werden kann. Oder das dieser Rot hinterlegt wird.";2088;OK;2021-09-01T20:39:02.948+02:00;Network.cs;56;Server.cs;26;Client.cs;14;PacketHandler.cs;5;SEENetViveController.cs;5;2021-09-01T20:40:51.361+02:00;2021-09-01T20:41:05.049+02:00;2021-09-01T20:41:21.705+02:00;2021-09-01T20:41:22.461+02:00;2021-09-01T20:41:29.637+02:00;2021-09-01T20:40:50.610+02:00;2021-09-01T20:40:54.036+02:00;2021-09-01T20:41:06.197+02:00;2021-09-01T20:41:23.549+02:00;2021-09-01T20:41:24.776+02:00;OK;2021-09-01T20:41:29.705+02:00;7: Sehr leicht;7: Sehr leicht;OK;2021-09-01T20:41:40.084+02:00;CodeSpaceManager.cs;24;PlayerSettings.cs;18;DesktopPlayerMovement.cs;10;XRPlayerMovement.cs;8;SEEInput.cs;6;2021-09-01T20:43:43.522+02:00;2021-09-01T20:43:51.964+02:00;2021-09-01T20:43:57.764+02:00;2021-09-01T20:44:03.510+02:00;2021-09-01T20:44:12.085+02:00;2021-09-01T20:43:44.818+02:00;2021-09-01T20:43:46.048+02:00;2021-09-01T20:43:47.728+02:00;2021-09-01T20:44:04.829+02:00;2021-09-01T20:44:06.394+02:00;OK;2021-09-01T20:44:13.139+02:00;6;7: Sehr leicht;OK;2021-09-01T20:44:18.237+02:00;Stil-Verletzungen (Stift);Metrik-Verletzungen (Geodreieck);Stil-Verletzungen (Stift);Metrik-Verletzungen (Geodreieck);Metrik-Verletzungen (Geodreieck);2021-09-01T20:45:10.378+02:00;2021-09-01T20:45:31.131+02:00;2021-09-01T20:45:49.384+02:00;2021-09-01T20:46:02.029+02:00;2021-09-01T20:46:26.209+02:00;OK;2021-09-01T20:46:26.782+02:00;7: Sehr leicht;6;3;1: Stimme überhaupt nicht zu;5: Stimme voll zu;1: Stimme überhaupt nicht zu;5: Stimme voll zu;2;5: Stimme voll zu;1: Stimme überhaupt nicht zu;4;2;Manchmal war die Einschätzung der Größe der Datei schwer mit dem bloßen Auge zu erkennen. Besser wäre eine weitere Kennzahl dafür.;"Ja, ich würde gerne eine Aussage bei der Frage der ob SEE einfach zu benutzen sei abändern. SEE musste anders als ""Daschboard"" heruntergeladen werden, was die Benutzung komplizierter als die von Dashboard machte.";112108295;21ba06b7-e0f4-4a3d-bc41-2f9dd0880cc8;2021-09-01T18:49:35;Approved;13;T;T;F;T;T;F;T;T;F;T;T;F;T;T;F;F;T;F;F;T;T;F;T;T;F;T;T;F;F;T;T;T;T;T;T;T;T;F;T;T;F;F;F;F;F;F;F;F;F;F;F;F;T;T;T;T;F;F;T;F;F;T;F;F;T;T;T;T;T;T
β;2021-08-12T08:52:09.627+02:00;2021-08-12T09:56:21.371+02:00;ee.kobotoolbox.org:ygYEpWByCjgx3Hp0;Männlich;2021-08-12T08:52:17.093+02:00;40;Master-Abschluss;20 Jahre oder mehr;10–19 Jahre;Nein;Ja, habe ich bereits genutzt;Ja, habe bereits viel gespielt;60;OK;2021-08-12T09:08:01.400+02:00;NodeDecorationController;13;DonutFactory;0;TextureGenerator;0;CylinderFactory;0;SearchMenu;46;2021-08-12T09:09:08.805+02:00;2021-08-12T09:09:19.532+02:00;2021-08-12T09:10:04.316+02:00;2021-08-12T09:10:18.064+02:00;2021-08-12T09:10:26.226+02:00;2021-08-12T09:10:45.245+02:00;2021-08-12T09:10:54.466+02:00;2021-08-12T09:10:59.534+02:00;2021-08-12T09:11:06.373+02:00;2021-08-12T09:11:09.066+02:00;OK;2021-08-12T09:11:11.218+02:00;3;3;OK;2021-08-12T09:30:07.224+02:00;CoseLayout;96;CoseNode;75;CoseGraphManager;42;Measurements;28;EvoStreetsLayout;45;2021-08-12T09:31:01.387+02:00;2021-08-12T09:31:10.661+02:00;2021-08-12T09:31:25.321+02:00;2021-08-12T09:31:35.793+02:00;2021-08-12T09:31:43.822+02:00;2021-08-12T09:32:06.611+02:00;2021-08-12T09:32:13.612+02:00;2021-08-12T09:33:25.311+02:00;2021-08-12T09:32:21.541+02:00;2021-08-12T09:32:52.159+02:00;OK;2021-08-12T09:33:25.444+02:00;5;3;OK;2021-08-12T09:33:52.847+02:00;Stil-Verletzungen (Stift);Stil-Verletzungen (Stift);Stil-Verletzungen (Stift);Stil-Verletzungen (Stift);Architektur-Verletzungen (Abstürzender Pfeil);2021-08-12T09:34:24.217+02:00;2021-08-12T09:35:04.219+02:00;2021-08-12T09:35:35.351+02:00;2021-08-12T09:36:00.104+02:00;2021-08-12T09:36:21.223+02:00;OK;2021-08-12T09:36:36.278+02:00;4;1: Sehr schwer;5: Stimme voll zu;3;5: Stimme voll zu;1: Stimme überhaupt nicht zu;5: Stimme voll zu;1: Stimme überhaupt nicht zu;5: Stimme voll zu;1: Stimme überhaupt nicht zu;5: Stimme voll zu;1: Stimme überhaupt nicht zu;Dateigröße könnte in der Index-Ansicht dargestellt werden;2088;OK;2021-08-12T09:44:50.518+02:00;Network.cs;6;Server.cs;3;PacketHandler.cs;0;Client.cs;0;Synchronizer.cs;0;2021-08-12T09:47:13.096+02:00;2021-08-12T09:47:20.364+02:00;2021-08-12T09:47:30.218+02:00;2021-08-12T09:47:37.644+02:00;2021-08-12T09:47:46.491+02:00;2021-08-12T09:48:01.421+02:00;2021-08-12T09:48:10.488+02:00;2021-08-12T09:48:24.316+02:00;2021-08-12T09:48:32.915+02:00;2021-08-12T09:48:42.429+02:00;OK;2021-08-12T09:48:42.521+02:00;2;3;OK;2021-08-12T09:49:04.236+02:00;SEEInput.cs;6;PlayerSettings.cs;18;KeyBindings.cs;4;DictationInput.cs;4;DesktopPlayerMovement.cs;10;2021-08-12T09:51:49.671+02:00;2021-08-12T09:52:02.084+02:00;2021-08-12T09:52:14.822+02:00;2021-08-12T09:52:26.859+02:00;2021-08-12T09:52:37.743+02:00;2021-08-12T09:51:51.432+02:00;2021-08-12T09:52:04.057+02:00;2021-08-12T09:52:16.803+02:00;2021-08-12T09:52:28.893+02:00;2021-08-12T09:52:42.686+02:00;OK;2021-08-12T09:52:42.748+02:00;3;2;OK;2021-08-12T09:53:05.833+02:00;Stil-Verletzungen (Stift);Metrik-Verletzungen (Geodreieck);;Stil-Verletzungen (Stift);Metrik-Verletzungen (Geodreieck);2021-08-12T09:53:43.278+02:00;2021-08-12T09:54:01.373+02:00;;2021-08-12T09:54:22.033+02:00;2021-08-12T09:54:33.766+02:00;OK;2021-08-12T09:54:34.460+02:00;6;6;4;4;2;1: Stimme überhaupt nicht zu;3;1: Stimme überhaupt nicht zu;5: Stimme voll zu;4;1: Stimme überhaupt nicht zu;1: Stimme überhaupt nicht zu;Darstellung von Icons und Zahlen sehr klein und schwer zu erkennen, viele Artefakte (Überbleibsel von früheren Anzeigen). Für die gestellten Aufgaben wären einfache Suchfunktionen und 2D-Listendarstellungen effizienter und würden eine sichere Auswahl ermöglichen. Seine Vorteile konnte SEE nicht so recht ausspielen.;;109112321;1dc7b0bd-6f1f-4e15-ab12-de0a8a63b095;2021-08-12T07:56:26;Approved;4;T;T;T;T;T;T;F;F;T;F;F;T;F;T;T;F;T;F;F;T;T;F;T;F;F;T;T;F;T;F;T;T;T;T;T;T;T;T;T;T;T;T;T;T;T;T;T;T;T;T;T;T;T;T;T;T;T;T;T;F;F;T;F;F;T;T;T;F;F;T
β;2021-08-12T11:27:19.239+02:00;2021-08-12T12:08:38.548+02:00;ee.kobotoolbox.org:Vz9kZwk6nWmbcZTs;Männlich;2021-08-12T11:28:45.295+02:00;22;Allgemeine Hochschulreife (Abitur);3–9 Jahre;Weniger als 3 Jahre;Ja, habe daran entwickelt;Ja, habe ich bereits genutzt;Ja, habe bereits viel gespielt;60;OK;2021-08-12T11:36:02.455+02:00;NodeDecorationController;13;DonutFactory;0;CylinderFactory;0;TextureGenerator;0;SearchMenu;46;2021-08-12T11:37:30.265+02:00;2021-08-12T11:37:59.702+02:00;2021-08-12T11:39:01.435+02:00;2021-08-12T11:40:07.689+02:00;2021-08-12T11:40:30.342+02:00;2021-08-12T11:39:38.561+02:00;2021-08-12T11:39:35.842+02:00;2021-08-12T11:39:28.669+02:00;2021-08-12T11:40:05.011+02:00;2021-08-12T11:40:35.248+02:00;OK;2021-08-12T11:40:35.366+02:00;6;7: Sehr leicht;OK;2021-08-12T11:41:02.905+02:00;CoseLayout;96;CoseNode;75;CoseGraphManager;47;Measurements;28;EvoStreetsNodeLayout;48;2021-08-12T11:42:17.010+02:00;2021-08-12T11:42:33.726+02:00;2021-08-12T11:42:50.131+02:00;2021-08-12T11:43:26.177+02:00;2021-08-12T11:44:02.170+02:00;2021-08-12T11:42:06.631+02:00;2021-08-12T11:42:38.430+02:00;2021-08-12T11:43:00.567+02:00;2021-08-12T11:43:35.675+02:00;2021-08-12T11:44:04.232+02:00;OK;2021-08-12T11:44:05.364+02:00;7: Sehr leicht;7: Sehr leicht;OK;2021-08-12T11:44:18.271+02:00;Stil-Verletzungen (Stift);Stil-Verletzungen (Stift);Stil-Verletzungen (Stift);Stil-Verletzungen (Stift);Architektur-Verletzungen (Abstürzender Pfeil);2021-08-12T11:44:52.664+02:00;2021-08-12T11:45:21.223+02:00;2021-08-12T11:45:37.766+02:00;2021-08-12T11:45:53.677+02:00;2021-08-12T11:46:25.975+02:00;OK;2021-08-12T11:46:27.871+02:00;7: Sehr leicht;7: Sehr leicht;3;2;3;1: Stimme überhaupt nicht zu;3;1: Stimme überhaupt nicht zu;5: Stimme voll zu;3;5: Stimme voll zu;1: Stimme überhaupt nicht zu;;2088;OK;2021-08-12T11:52:16.956+02:00;Network.cs;6;Server.cs;3;PacketHandler.cs;0;Client.cs;0;Synchroniser.cs;0;2021-08-12T11:55:31.808+02:00;2021-08-12T11:56:59.447+02:00;2021-08-12T11:57:41.979+02:00;2021-08-12T11:58:12.937+02:00;2021-08-12T11:58:46.235+02:00;2021-08-12T11:55:50.607+02:00;2021-08-12T11:57:09.597+02:00;2021-08-12T11:57:44.377+02:00;2021-08-12T11:58:21.766+02:00;2021-08-12T11:58:50.004+02:00;OK;2021-08-12T11:58:50.144+02:00;5;3;OK;2021-08-12T11:58:59.806+02:00;SEEInput.cs;6;PlayerSettings.cs;18;KeyBindings.cs;4;CodeSpaceManager.cs;24;DictationInput.cs;4;2021-08-12T12:02:45.185+02:00;2021-08-12T12:03:25.601+02:00;2021-08-12T12:04:52.771+02:00;2021-08-12T12:04:15.689+02:00;2021-08-12T12:05:19.175+02:00;2021-08-12T12:03:04.015+02:00;2021-08-12T12:03:27.972+02:00;2021-08-12T12:04:40.993+02:00;2021-08-12T12:04:17.173+02:00;2021-08-12T12:05:21.899+02:00;OK;2021-08-12T12:05:22.001+02:00;4;4;OK;2021-08-12T12:05:28.295+02:00;Stil-Verletzungen (Stift);Metrik-Verletzungen (Geodreieck);Stil-Verletzungen (Stift);Metrik-Verletzungen (Geodreieck);Metrik-Verletzungen (Geodreieck);2021-08-12T12:06:07.759+02:00;2021-08-12T12:06:24.649+02:00;2021-08-12T12:06:39.947+02:00;2021-08-12T12:06:53.473+02:00;2021-08-12T12:07:08.239+02:00;OK;2021-08-12T12:07:09.127+02:00;7: Sehr leicht;7: Sehr leicht;5: Stimme voll zu;1: Stimme überhaupt nicht zu;5: Stimme voll zu;1: Stimme überhaupt nicht zu;4;1: Stimme überhaupt nicht zu;4;2;5: Stimme voll zu;1: Stimme überhaupt nicht zu;Man kann die Zahl bei den CMs nur von Vorne Lesen, sie rotieren nicht mit dem Player, auch ist die Distanz zwischen den Namen und den Zahlen groß, man muss zum größe schätzen stark reinzoomen, da die größen sich teilweise nicht so stark unterscheiden und um den Namen zulesen sich den Knoten merken und rauszoomen;Man konnte die Lines of Code nicht im Dashboard sehen, also musste man sich jede datei öffnen und merken, bei der zweiten aufgabe half dann besser notizen zu machen;109130398;a83cc6cf-0c6b-4337-8b6f-c2c1ed39f2a4;2021-08-12T10:08:41;Approved;5;T;T;T;T;T;T;T;T;T;T;T;T;F;T;T;F;T;F;F;T;T;F;T;T;F;T;T;F;T;T;T;T;T;T;T;T;T;T;T;T;T;T;T;T;T;T;T;T;T;T;T;T;T;T;T;T;T;T;T;T;T;T;T;T;T;T;T;T;T;T
β;2021-08-19T18:56:05.762+02:00;2021-08-19T20:14:34.530+02:00;ee.kobotoolbox.org:DjVtpU3lqpvXwqbT;Männlich;2021-08-19T18:57:21.653+02:00;34;Allgemeine Hochschulreife (Abitur);Weniger als 3 Jahre;Noch gar nicht;Nein;Nein;Ja, habe bereits viel gespielt;60;OK;2021-08-19T19:18:35.687+02:00;NodeDecorationController;13;DonutFactory;0;CylinderFactory;0;TextureGenerator;0;IconFactory;0;2021-08-19T19:20:04.584+02:00;2021-08-19T19:20:56.094+02:00;2021-08-19T19:22:54.472+02:00;2021-08-19T19:23:20.074+02:00;2021-08-19T19:24:05.640+02:00;2021-08-19T19:20:10.861+02:00;2021-08-19T19:21:05.009+02:00;2021-08-19T19:23:01.211+02:00;2021-08-19T19:23:23.888+02:00;2021-08-19T19:24:10.146+02:00;OK;2021-08-19T19:24:10.263+02:00;5;3;OK;2021-08-19T19:24:50.186+02:00;Sublayout;22;LayoutVertex;38;NodeTransform;10;LayoutNodes;0;IGameNode;0;2021-08-19T19:28:16.208+02:00;2021-08-19T19:27:53.634+02:00;2021-08-19T19:28:31.688+02:00;2021-08-19T19:28:46.378+02:00;2021-08-19T19:29:20.628+02:00;2021-08-19T19:28:18.744+02:00;2021-08-19T19:27:59.550+02:00;2021-08-19T19:28:37.550+02:00;2021-08-19T19:29:01.194+02:00;2021-08-19T19:29:23.720+02:00;OK;2021-08-19T19:29:23.852+02:00;4;4;OK;2021-08-19T19:30:06.359+02:00;Stil-Verletzungen (Stift);Stil-Verletzungen (Stift);Stil-Verletzungen (Stift);Stil-Verletzungen (Stift);Architektur-Verletzungen (Abstürzender Pfeil);2021-08-19T19:31:10.339+02:00;2021-08-19T19:31:19.217+02:00;2021-08-19T19:31:29.088+02:00;2021-08-19T19:31:40.928+02:00;2021-08-19T19:31:50.342+02:00;OK;2021-08-19T19:31:52.438+02:00;7: Sehr leicht;7: Sehr leicht;3;3;3;1: Stimme überhaupt nicht zu;2;1: Stimme überhaupt nicht zu;2;4;5: Stimme voll zu;1: Stimme überhaupt nicht zu;Wenn das Dashboard anzeigen würde, wieviele Zeilen jeweilige Dateien haben ohne dass man manuell nachschauen muss, wäre es massiv angenehm zu benutzen(die Möglichkeit besteht, dass ich aus Verpeiltheit verpasst hab wie das geht);2088;OK;2021-08-19T19:45:31.072+02:00;Network.cs;6;Server.cs;3;PacketHandler.cs;0;Client.cs;0;Synchronizer.cs;0;2021-08-19T19:56:42.742+02:00;2021-08-19T19:56:51.772+02:00;2021-08-19T19:57:04.007+02:00;2021-08-19T19:57:14.360+02:00;2021-08-19T19:57:31.253+02:00;2021-08-19T19:57:57.679+02:00;2021-08-19T19:58:05.847+02:00;2021-08-19T19:58:21.764+02:00;2021-08-19T19:58:32.988+02:00;2021-08-19T19:58:37.442+02:00;OK;2021-08-19T19:58:37.546+02:00;7: Sehr leicht;2;OK;2021-08-19T19:59:28.288+02:00;SEEInput.cs;6;PlayerSettings.cs;18;KeyBindings.cs;4;CodeSpaceManager.cs;24;DictationInput.cs;4;2021-08-19T20:05:56.818+02:00;2021-08-19T20:06:07.303+02:00;2021-08-19T20:06:19.556+02:00;2021-08-19T20:06:30.937+02:00;2021-08-19T20:06:42.305+02:00;2021-08-19T20:07:19.153+02:00;2021-08-19T20:07:28.171+02:00;2021-08-19T20:07:38.608+02:00;2021-08-19T20:07:50.119+02:00;2021-08-19T20:07:54.593+02:00;OK;2021-08-19T20:07:54.690+02:00;7: Sehr leicht;2;OK;2021-08-19T20:08:49.907+02:00;Stil-Verletzungen (Stift);Metrik-Verletzungen (Geodreieck);Stil-Verletzungen (Stift);Metrik-Verletzungen (Geodreieck);Metrik-Verletzungen (Geodreieck);2021-08-19T20:09:29.329+02:00;2021-08-19T20:09:42.059+02:00;2021-08-19T20:10:05.973+02:00;2021-08-19T20:10:20.122+02:00;2021-08-19T20:10:39.600+02:00;OK;2021-08-19T20:10:40.584+02:00;7: Sehr leicht;6;4;3;3;1: Stimme überhaupt nicht zu;2;1: Stimme überhaupt nicht zu;2;3;4;1: Stimme überhaupt nicht zu;"Steuerung gelegentlich etwas umständlich, Reset wäre nicht nur für die ""Stadt"" sondern auch für die Cameraposition angenehm, vllt wären Presets für bestimmte Nähe/Höhe noch schön. Und Namen der Dateien werden manchmal etwas verunstaltet wenn man zu nah dran ist bzw können gar nicht gesehen werden. Aber alles in allem ein echt spannendes Programm mit dem ich mich auf jedenfall noch gern auseinander setzen werde in der Zukunft.";;110245127;a0274ec3-be6a-4085-8e50-2716256a61c5;2021-08-19T18:15:04;Approved;6;T;T;T;T;T;T;T;T;T;T;T;T;F;F;T;T;T;T;T;T;T;T;T;T;T;T;T;T;T;T;T;T;T;T;T;T;T;T;T;T;T;T;T;T;T;T;T;T;T;T;T;T;T;T;T;T;T;T;T;T;T;T;T;T;T;T;T;T;T;T
β;2021-08-19T20:39:18.175+02:00;2021-08-19T21:21:06.597+02:00;ee.kobotoolbox.org:QGTRJ6QmL7adGEPk;Männlich;2021-08-19T20:39:21.621+02:00;26;Allgemeine Hochschulreife (Abitur);3–9 Jahre;Weniger als 3 Jahre;Ja, habe daran entwickelt;Ja, habe ich bereits genutzt;Ja, habe bereits viel gespielt;60;OK;2021-08-19T20:47:46.516+02:00;NodeDecorationController;13;DonutFactory;0;CylinderFactory;0;TextureGenerator,DraggableObject,SearchMenu;46;IconFactory;0;2021-08-19T20:49:02.148+02:00;2021-08-19T20:49:19.319+02:00;2021-08-19T20:50:52.622+02:00;2021-08-19T20:51:53.550+02:00;2021-08-19T20:52:36.845+02:00;2021-08-19T20:49:08.128+02:00;2021-08-19T20:49:32.196+02:00;2021-08-19T20:50:53.796+02:00;2021-08-19T20:52:13.289+02:00;2021-08-19T20:52:44.160+02:00;OK;2021-08-19T20:52:44.930+02:00;7: Sehr leicht;3;OK;2021-08-19T20:53:07.561+02:00;SubLayout;22;LayoutVertex;38;NodeTransform,LayoutNodes;10;IGameNode;;ILayoutEdge;;2021-08-19T20:54:14.988+02:00;2021-08-19T20:54:30.340+02:00;2021-08-19T20:55:38.685+02:00;2021-08-19T20:56:06.611+02:00;2021-08-19T20:56:54.598+02:00;2021-08-19T20:54:23.656+02:00;2021-08-19T20:54:35.969+02:00;2021-08-19T20:55:04.168+02:00;;;OK;2021-08-19T20:56:54.685+02:00;7: Sehr leicht;3;OK;2021-08-19T20:57:07.879+02:00;Stil-Verletzungen (Stift);Stil-Verletzungen (Stift);Stil-Verletzungen (Stift);Stil-Verletzungen (Stift);Architektur-Verletzungen (Abstürzender Pfeil);2021-08-19T20:58:14.261+02:00;2021-08-19T20:58:29.200+02:00;2021-08-19T20:58:38.472+02:00;2021-08-19T20:58:44.732+02:00;2021-08-19T20:58:55.377+02:00;OK;2021-08-19T20:58:56.599+02:00;7: Sehr leicht;7: Sehr leicht;5: Stimme voll zu;1: Stimme überhaupt nicht zu;5: Stimme voll zu;1: Stimme überhaupt nicht zu;5: Stimme voll zu;1: Stimme überhaupt nicht zu;5: Stimme voll zu;1: Stimme überhaupt nicht zu;5: Stimme voll zu;1: Stimme überhaupt nicht zu;Habe die Dateigröße nicht finden können und musste tausend tabs öffnen und überall nach unten scrollen (aber wahrscheinlich war die Aufgabenstellung so, um herauszufinden wie lange man braucht für Dinge, die man nicht auf den ersten Blick sieht);2088;OK;2021-08-19T21:03:49.086+02:00;Network.cs;6;Server.cs;3;PacketHandler.cs;0;Client.cs;0;Synchronizer.cs;0;2021-08-19T21:09:16.396+02:00;2021-08-19T21:09:59.371+02:00;2021-08-19T21:10:15.608+02:00;2021-08-19T21:10:29.478+02:00;2021-08-19T21:10:36.075+02:00;2021-08-19T21:09:53.924+02:00;2021-08-19T21:10:06.218+02:00;2021-08-19T21:10:06.929+02:00;2021-08-19T21:10:07.490+02:00;2021-08-19T21:10:09.574+02:00;OK;2021-08-19T21:10:42.683+02:00;7: Sehr leicht;2;OK;2021-08-19T21:10:49.589+02:00;SEEInput.cs;6;PlayerSettings.cs;18;KeyBindings.cs;4;CodeSpaceManager.cs;24;DictationInput.cs;4;2021-08-19T21:15:40.352+02:00;2021-08-19T21:15:58.507+02:00;2021-08-19T21:16:16.889+02:00;2021-08-19T21:16:33.556+02:00;2021-08-19T21:16:43.999+02:00;2021-08-19T21:15:47.066+02:00;2021-08-19T21:16:01.608+02:00;2021-08-19T21:16:19.722+02:00;2021-08-19T21:16:34.689+02:00;2021-08-19T21:16:47.413+02:00;OK;2021-08-19T21:16:47.499+02:00;7: Sehr leicht;3;OK;2021-08-19T21:16:54.963+02:00;Stil-Verletzungen (Stift);Metrik-Verletzungen (Geodreieck);Stil-Verletzungen (Stift);Metrik-Verletzungen (Geodreieck);Metrik-Verletzungen (Geodreieck);2021-08-19T21:17:42.793+02:00;2021-08-19T21:18:03.572+02:00;2021-08-19T21:18:25.372+02:00;2021-08-19T21:18:37.274+02:00;2021-08-19T21:18:47.732+02:00;OK;2021-08-19T21:18:48.201+02:00;7: Sehr leicht;6;2;1: Stimme überhaupt nicht zu;4;1: Stimme überhaupt nicht zu;3;2;5: Stimme voll zu;1: Stimme überhaupt nicht zu;4;2;;Es hat super viel Spaß gemacht, sehr schöne Aufgabenstellungen und motivierende Wortwahl. Wann kann man die nächste Studie machen?;110253031;54ebe0b5-be6d-4425-8f62-98d8e4fe6fa6;2021-08-19T19:21:09;Approved;7;T;T;T;T;T;T;T;T;T;F;F;T;F;F;T;T;T;T;T;T;T;F;F;T;F;F;F;F;F;F;T;T;T;T;T;T;T;T;T;T;T;T;T;T;T;T;T;T;T;T;T;T;T;T;T;T;T;T;T;T;T;T;T;T;T;T;T;T;T;T
β;2021-08-20T09:14:29.425+02:00;2021-08-20T09:50:15.865+02:00;ee.kobotoolbox.org:dKqAZHPcl2p9Sjvs;Männlich;2021-08-20T09:14:44.831+02:00;22;Allgemeine Hochschulreife (Abitur);3–9 Jahre;Weniger als 3 Jahre;Ja, habe daran entwickelt;Ja, habe davon gehört;Ja, habe schon ein bisschen gespielt;60;OK;2021-08-20T09:19:48.460+02:00;NodeDecorationController.cs;13;DonutFactory.cs;0;CylinderFactory.cs;0;TextureGenerator.cs;0;IScale.cs;0;2021-08-20T09:20:22.620+02:00;2021-08-20T09:20:51.698+02:00;2021-08-20T09:21:16.616+02:00;2021-08-20T09:21:39.666+02:00;2021-08-20T09:22:40.697+02:00;2021-08-20T09:20:36.872+02:00;2021-08-20T09:21:03.303+02:00;2021-08-20T09:21:26.145+02:00;2021-08-20T09:21:43.165+02:00;2021-08-20T09:22:43.315+02:00;OK;2021-08-20T09:22:43.393+02:00;6;6;OK;2021-08-20T09:23:09.009+02:00;Sublayout.cs;22;LayoutVertex.cs;38;NodeTransform.cs;10;LayoutNodes.cs;0;IGameNode.cs;0;2021-08-20T09:24:43.764+02:00;2021-08-20T09:25:11.068+02:00;2021-08-20T09:25:46.171+02:00;2021-08-20T09:26:22.777+02:00;2021-08-20T09:26:44.098+02:00;2021-08-20T09:24:56.214+02:00;2021-08-20T09:25:18.358+02:00;2021-08-20T09:26:02.957+02:00;2021-08-20T09:26:25.058+02:00;2021-08-20T09:26:46.158+02:00;OK;2021-08-20T09:26:46.304+02:00;5;5;OK;2021-08-20T09:26:53.243+02:00;Stil-Verletzungen (Stift);Stil-Verletzungen (Stift);Stil-Verletzungen (Stift);Stil-Verletzungen (Stift);Architektur-Verletzungen (Abstürzender Pfeil);2021-08-20T09:27:27.343+02:00;2021-08-20T09:28:21.401+02:00;2021-08-20T09:28:54.049+02:00;2021-08-20T09:29:10.340+02:00;2021-08-20T09:29:24.973+02:00;OK;2021-08-20T09:29:25.935+02:00;6;6;2;4;3;2;4;2;4;5: Stimme voll zu;3;2;;2088;OK;2021-08-20T09:34:41.953+02:00;Network.cs;6;Server.cs;3;PacketHandler.cs;0;Client.cs;0;Synchronizer.cs;0;2021-08-20T09:38:58.080+02:00;2021-08-20T09:39:06.982+02:00;2021-08-20T09:39:14.443+02:00;2021-08-20T09:39:20.978+02:00;2021-08-20T09:39:34.924+02:00;2021-08-20T09:40:04.624+02:00;2021-08-20T09:40:15.857+02:00;2021-08-20T09:40:22.056+02:00;2021-08-20T09:40:27.779+02:00;2021-08-20T09:40:28.781+02:00;OK;2021-08-20T09:40:28.908+02:00;4;2;OK;2021-08-20T09:40:41.571+02:00;SEEInput.cs;6;PlayerSettings.cs;18;KeyBindings.cs;4;CodeSpaceManager.cs;24;DictationInput.cs;4;2021-08-20T09:45:08.584+02:00;2021-08-20T09:45:14.727+02:00;2021-08-20T09:45:21.794+02:00;2021-08-20T09:45:32.059+02:00;2021-08-20T09:45:42.109+02:00;2021-08-20T09:46:43.355+02:00;2021-08-20T09:46:49.142+02:00;2021-08-20T09:46:57.472+02:00;2021-08-20T09:47:05.614+02:00;2021-08-20T09:47:06.922+02:00;OK;2021-08-20T09:47:07.033+02:00;5;2;OK;2021-08-20T09:47:16.602+02:00;Stil-Verletzungen (Stift);Metrik-Verletzungen (Geodreieck);Stil-Verletzungen (Stift);Metrik-Verletzungen (Geodreieck);Metrik-Verletzungen (Geodreieck);2021-08-20T09:48:01.912+02:00;2021-08-20T09:48:23.879+02:00;2021-08-20T09:48:39.420+02:00;2021-08-20T09:48:58.765+02:00;2021-08-20T09:49:11.703+02:00;OK;2021-08-20T09:49:18.443+02:00;6;5;3;3;2;4;4;4;2;3;4;3;;;110307595;1def882c-065a-44b9-9537-63befc2db4da;2021-08-20T07:50:16;Approved;8;T;T;T;T;T;T;T;T;T;T;T;F;T;T;T;T;T;T;T;T;T;T;T;T;T;T;T;T;T;T;T;T;T;T;T;T;T;T;T;T;T;T;T;T;T;T;T;T;T;T;T;T;T;T;T;T;T;T;T;T;T;T;T;T;T;T;T;T;T;T
β;2021-08-20T11:42:34.216+02:00;2021-08-20T12:35:15.581+02:00;ee.kobotoolbox.org:69kJNKk4MVDWaf23;Männlich;2021-08-20T11:42:52.531+02:00;36;Doktorgrad;20 Jahre oder mehr;3–9 Jahre;Nein;Ja, habe ich bereits genutzt;Ja, aber habe kaum gespielt;60;OK;2021-08-20T12:05:21.965+02:00;NodeDecorationController;13;DonutFactory;0;TextureGenerator;0;SearchMenu;46;CylinderFactory;0;2021-08-20T12:06:23.752+02:00;2021-08-20T12:06:40.446+02:00;2021-08-20T12:07:30.404+02:00;2021-08-20T12:07:48.937+02:00;2021-08-20T12:08:04.389+02:00;2021-08-20T12:06:25.975+02:00;2021-08-20T12:07:01.088+02:00;2021-08-20T12:07:34.396+02:00;2021-08-20T12:07:51.752+02:00;2021-08-20T12:08:08.368+02:00;OK;2021-08-20T12:08:08.456+02:00;2;6;OK;2021-08-20T12:08:24.822+02:00;CoseLayout;96;CoseNode;75;CoseGraphManager;47;Measurements;28;EvoStreetsNodeLayout;48;2021-08-20T12:09:19.503+02:00;2021-08-20T12:09:11.169+02:00;2021-08-20T12:10:01.535+02:00;2021-08-20T12:10:25.402+02:00;2021-08-20T12:10:51.341+02:00;2021-08-20T12:09:41.324+02:00;2021-08-20T12:09:50.445+02:00;2021-08-20T12:10:07.834+02:00;2021-08-20T12:10:27.158+02:00;2021-08-20T12:10:53.581+02:00;OK;2021-08-20T12:10:53.667+02:00;2;6;OK;2021-08-20T12:11:00.414+02:00;Stil-Verletzungen (Stift);Stil-Verletzungen (Stift);Stil-Verletzungen (Stift);Stil-Verletzungen (Stift);Architektur-Verletzungen (Abstürzender Pfeil);2021-08-20T12:11:36.835+02:00;2021-08-20T12:11:49.614+02:00;2021-08-20T12:12:16.771+02:00;2021-08-20T12:12:03.629+02:00;2021-08-20T12:12:33.748+02:00;OK;2021-08-20T12:12:34.625+02:00;7: Sehr leicht;6;3;1: Stimme überhaupt nicht zu;5: Stimme voll zu;1: Stimme überhaupt nicht zu;5: Stimme voll zu;1: Stimme überhaupt nicht zu;5: Stimme voll zu;1: Stimme überhaupt nicht zu;5: Stimme voll zu;1: Stimme überhaupt nicht zu;;2088;OK;2021-08-20T12:19:58.188+02:00;Network.cs;6;Server.cs;0;Synchronizer.cs;0;Client.cs;0;SEENetViveController.cs;0;2021-08-20T12:26:14.039+02:00;2021-08-20T12:26:33.861+02:00;2021-08-20T12:26:50.723+02:00;2021-08-20T12:27:07.217+02:00;2021-08-20T12:27:24.408+02:00;2021-08-20T12:26:25.057+02:00;2021-08-20T12:26:39.161+02:00;2021-08-20T12:26:55.908+02:00;2021-08-20T12:27:12.062+02:00;2021-08-20T12:27:30.552+02:00;OK;2021-08-20T12:27:30.986+02:00;2;3;OK;2021-08-20T12:27:43.842+02:00;SEEInput.cs;6;PlayerSettings.cs;18;KeyBindings.cs;4;CodeSpaceManager.cs;24;DictationInput.cs;4;2021-08-20T12:30:52.447+02:00;2021-08-20T12:31:12.434+02:00;2021-08-20T12:31:42.071+02:00;2021-08-20T12:31:57.437+02:00;2021-08-20T12:32:21.786+02:00;2021-08-20T12:30:59.553+02:00;2021-08-20T12:31:17.678+02:00;2021-08-20T12:31:44.170+02:00;2021-08-20T12:32:07.752+02:00;2021-08-20T12:32:23.175+02:00;OK;2021-08-20T12:32:23.283+02:00;4;4;OK;2021-08-20T12:32:37.766+02:00;Stil-Verletzungen (Stift);Metrik-Verletzungen (Geodreieck);Stil-Verletzungen (Stift);Metrik-Verletzungen (Geodreieck);Metrik-Verletzungen (Geodreieck);2021-08-20T12:33:11.378+02:00;2021-08-20T12:33:21.967+02:00;2021-08-20T12:33:34.676+02:00;2021-08-20T12:33:44.728+02:00;2021-08-20T12:33:54.226+02:00;OK;2021-08-20T12:33:55.422+02:00;7: Sehr leicht;7: Sehr leicht;1: Stimme überhaupt nicht zu;5: Stimme voll zu;3;5: Stimme voll zu;3;1: Stimme überhaupt nicht zu;4;4;2;4;;Mir ist unklar warum die größe einer Datei beim Suchen von Code-Smells oder Bugs relevant sein soll;110328122;d46a16c4-4045-4b27-9514-7fea66c0dea0;2021-08-20T10:35:16;Approved;9;T;T;T;T;T;T;F;F;T;F;F;T;F;F;T;F;T;T;F;T;T;F;T;T;F;T;T;F;T;T;T;T;T;T;T;T;T;T;T;T;F;F;F;T;T;T;T;F;F;T;T;T;T;T;T;T;T;T;T;T;T;T;T;T;T;T;T;T;T;T
β;2021-08-20T17:27:40.474+02:00;2021-08-20T18:25:22.100+02:00;ee.kobotoolbox.org:4cFemCq7IZIfhBBt;Männlich;2021-08-20T17:28:55.483+02:00;24;Allgemeine Hochschulreife (Abitur);3–9 Jahre;Weniger als 3 Jahre;Ja, habe davon gehört;Nein;Ja, habe bereits viel gespielt;60;OK;2021-08-20T17:36:17.775+02:00;NodeDecorationController;13;DonutFactory;;CylinderFactory;;SearchMenu;46;TextureGenerator;;2021-08-20T17:38:31.041+02:00;2021-08-20T17:39:12.052+02:00;2021-08-20T17:41:38.472+02:00;2021-08-20T17:41:24.257+02:00;2021-08-20T17:42:25.441+02:00;2021-08-20T17:38:38.683+02:00;;2021-08-20T17:41:25.070+02:00;2021-08-20T17:41:26.151+02:00;;OK;2021-08-20T17:42:25.566+02:00;3;4;OK;2021-08-20T17:42:40.996+02:00;CoseLayout;40;CoseNode;4;CoseGraphManager;;Measurements;27;CoseGraph;;2021-08-20T17:43:58.849+02:00;2021-08-20T17:44:45.484+02:00;2021-08-20T17:45:44.123+02:00;2021-08-20T17:46:18.913+02:00;2021-08-20T17:46:41.743+02:00;2021-08-20T17:44:02.237+02:00;2021-08-20T17:45:02.707+02:00;;2021-08-20T17:46:22.607+02:00;;OK;2021-08-20T17:46:41.868+02:00;3;4;OK;2021-08-20T17:46:50.640+02:00;Stil-Verletzungen (Stift);Stil-Verletzungen (Stift);Stil-Verletzungen (Stift);Architektur-Verletzungen (Abstürzender Pfeil);Architektur-Verletzungen (Abstürzender Pfeil);2021-08-20T17:48:37.168+02:00;2021-08-20T17:48:58.421+02:00;2021-08-20T17:49:45.617+02:00;2021-08-20T17:51:05.768+02:00;2021-08-20T17:51:22.717+02:00;OK;2021-08-20T17:51:23.651+02:00;3;4;3;3;4;1: Stimme überhaupt nicht zu;3;4;4;1: Stimme überhaupt nicht zu;4;1: Stimme überhaupt nicht zu;;2088;OK;2021-08-20T18:02:25.288+02:00;LoadCityAction.cs;124;issuse.cs;42;SourceCodeEntity.cs;39;DashboardRetriever.cs;14;NetActionHistory.cs;13;2021-08-20T18:05:08.222+02:00;2021-08-20T18:08:23.855+02:00;2021-08-20T18:08:44.425+02:00;2021-08-20T18:10:30.607+02:00;2021-08-20T18:10:04.193+02:00;2021-08-20T18:05:15.826+02:00;2021-08-20T18:08:52.647+02:00;2021-08-20T18:08:47.411+02:00;2021-08-20T18:10:07.673+02:00;2021-08-20T18:10:08.773+02:00;OK;2021-08-20T18:10:30.741+02:00;5;4;OK;2021-08-20T18:10:43.885+02:00;InteractableObject.cs;59;HideAction.cs;51;Outline.cs;50;MappingAction.cs;48;ShowCodeAction.cs;26;2021-08-20T18:14:35.367+02:00;2021-08-20T18:15:11.973+02:00;2021-08-20T18:15:32.665+02:00;2021-08-20T18:16:06.778+02:00;2021-08-20T18:18:04.021+02:00;2021-08-20T18:15:05.237+02:00;2021-08-20T18:15:13.741+02:00;2021-08-20T18:15:16.089+02:00;2021-08-20T18:16:10.341+02:00;2021-08-20T18:20:51.437+02:00;OK;2021-08-20T18:20:51.558+02:00;4;6;OK;2021-08-20T18:21:02.720+02:00;Stil-Verletzungen (Stift);;Metrik-Verletzungen (Geodreieck);Metrik-Verletzungen (Geodreieck);Metrik-Verletzungen (Geodreieck);2021-08-20T18:23:33.038+02:00;;2021-08-20T18:23:54.447+02:00;2021-08-20T18:24:10.835+02:00;2021-08-20T18:24:22.605+02:00;OK;2021-08-20T18:21:08.533+02:00;4;5;2;3;3;2;5: Stimme voll zu;3;5: Stimme voll zu;3;4;1: Stimme überhaupt nicht zu;;;110381506;15b9d7ff-4a32-4049-b5e9-88be5fff9e95;2021-08-20T16:25:22;Approved;10;T;T;T;T;T;F;T;T;F;F;F;T;F;F;F;F;T;F;F;T;F;F;T;F;F;T;F;F;F;F;T;T;T;F;T;F;F;T;F;F;T;F;F;T;F;F;T;F;F;T;F;F;F;F;F;T;F;F;T;F;F;T;F;F;T;T;F;F;T;T
β;2021-08-24T15:40:14.987+02:00;2021-08-24T16:34:36.314+02:00;ee.kobotoolbox.org:eORjLgieV7GEJM7f;Männlich;2021-08-24T15:40:19.010+02:00;31;Master-Abschluss;3–9 Jahre;3–9 Jahre;Ja, habe davon gehört;Ja, habe daran entwickelt;Ja, habe bereits viel gespielt;60;OK;2021-08-24T15:46:45.381+02:00;NodeDecorationController;13;DonutFactory;22;CylinderFactory;0;TextureGenerator;0;IScale;0;2021-08-24T15:47:42.102+02:00;2021-08-24T15:47:54.944+02:00;2021-08-24T15:48:13.968+02:00;2021-08-24T15:48:40.089+02:00;2021-08-24T15:48:54.414+02:00;2021-08-24T15:48:24.085+02:00;2021-08-24T15:48:24.976+02:00;2021-08-24T15:48:30.216+02:00;2021-08-24T15:48:41.334+02:00;2021-08-24T15:48:57.196+02:00;OK;2021-08-24T15:48:57.313+02:00;2;4;OK;2021-08-24T15:49:35.102+02:00;Sublayout;22;LayoutVertex;38;NodeTransforms;10;LayoutNodes;0;IGameNode;0;2021-08-24T15:51:25.835+02:00;2021-08-24T15:51:34.590+02:00;2021-08-24T15:52:03.900+02:00;2021-08-24T15:52:18.154+02:00;2021-08-24T15:52:34.340+02:00;2021-08-24T15:51:26.748+02:00;2021-08-24T15:51:48.278+02:00;2021-08-24T15:52:10.664+02:00;2021-08-24T15:52:22.536+02:00;2021-08-24T15:52:36.946+02:00;OK;2021-08-24T15:52:37.365+02:00;3;4;OK;2021-08-24T15:52:47.958+02:00;Stil-Verletzungen (Stift);Stil-Verletzungen (Stift);Stil-Verletzungen (Stift);Stil-Verletzungen (Stift);Architektur-Verletzungen (Abstürzender Pfeil);2021-08-24T15:53:45.509+02:00;2021-08-24T15:54:00.429+02:00;2021-08-24T15:54:09.660+02:00;2021-08-24T15:54:08.562+02:00;2021-08-24T15:54:34.032+02:00;OK;2021-08-24T15:54:34.927+02:00;4;5;2;1: Stimme überhaupt nicht zu;4;1: Stimme überhaupt nicht zu;4;1: Stimme überhaupt nicht zu;5: Stimme voll zu;1: Stimme überhaupt nicht zu;4;1: Stimme überhaupt nicht zu;Der Baum fängt stets beim Wurzelverzeichnis an. Mit Assets/SEE/*.cs als Path Globbing kann man eine Sicht auf ein Verzeichnis erzeugen, aber dann sind noch die .meta Dateien dabei. Die absoluten Verstoßzahlen müssen mit der Größe in Relation gesetzt werden, um explorativ schneller die kritischen Bereiche identifizieren zu können.;2088;OK;2021-08-24T16:07:52.907+02:00;Server.cs;3;PacketHandler.cs;0;Synchronizer.cs;0;Client.cs;0;SEENetViveController.cs;0;2021-08-24T16:10:32.180+02:00;2021-08-24T16:11:23.326+02:00;2021-08-24T16:11:54.615+02:00;2021-08-24T16:12:15.320+02:00;2021-08-24T16:12:29.330+02:00;2021-08-24T16:11:41.800+02:00;2021-08-24T16:11:43.189+02:00;2021-08-24T16:12:09.017+02:00;2021-08-24T16:12:22.237+02:00;2021-08-24T16:12:42.913+02:00;OK;2021-08-24T16:12:43.015+02:00;2;3;OK;2021-08-24T16:13:07.076+02:00;SEEInput.cs;6;PlayerSettings.cs;18;KeyBindings.cs;4;CodeSpaceManager.cs;24;DictationInput.c;4;2021-08-24T16:17:12.928+02:00;2021-08-24T16:17:36.732+02:00;2021-08-24T16:18:02.621+02:00;2021-08-24T16:18:12.209+02:00;2021-08-24T16:18:23.446+02:00;2021-08-24T16:17:29.002+02:00;2021-08-24T16:17:50.573+02:00;2021-08-24T16:18:04.268+02:00;2021-08-24T16:18:14.817+02:00;2021-08-24T16:18:30.155+02:00;OK;2021-08-24T16:18:48.527+02:00;2;3;OK;2021-08-24T16:18:55.764+02:00;Stil-Verletzungen (Stift);Metrik-Verletzungen (Geodreieck);Stil-Verletzungen (Stift);Metrik-Verletzungen (Geodreieck);Metrik-Verletzungen (Geodreieck);2021-08-24T16:20:04.430+02:00;2021-08-24T16:20:13.144+02:00;2021-08-24T16:20:22.328+02:00;2021-08-24T16:20:29.694+02:00;2021-08-24T16:20:39.310+02:00;OK;2021-08-24T16:20:42.521+02:00;5;4;1: Stimme überhaupt nicht zu;1: Stimme überhaupt nicht zu;2;1: Stimme überhaupt nicht zu;3;1: Stimme überhaupt nicht zu;5: Stimme voll zu;4;3;2;Beim Zoomen wird die Schrift riesig, was ablenkt. Die Schrift orientiert sich nicht zur Kamera, sodass man die Ansicht drehen muss, um sie lesen zu können. Für die Aufgaben hätte ich gerne eine Suchfunktion gehabt. Layout, Größenverhältnisse und Steuerung sind zur Erkundung geeignet. Der Tisch ergibt ohne VR wenig Sinn.;Auf dieser Seite habe ich häufig ungewollt beim Markieren navigiert. Das Dashboard ist für Nutzer geeignet, die das Projekt kennen und Verstöße genauer betrachten wollen. SSE hingegen zeigt seine Stärken bei der Erkundung des Codes und Ansicht auf hoher Ebene.;110906336;1df3d045-1aa6-48f3-ab96-bba85b5b1e78;2021-08-24T14:34:37;Approved;11;T;T;T;T;T;F;T;T;T;T;T;F;T;T;T;T;T;T;T;T;T;T;T;T;T;T;T;T;T;T;T;T;T;T;T;F;F;T;F;F;T;F;F;T;T;T;T;F;F;T;T;T;T;T;T;T;T;T;T;T;T;T;T;T;T;T;T;T;T;T
β;2021-08-26T12:27:20.709+02:00;2021-08-26T13:03:03.771+02:00;ee.kobotoolbox.org:XAjZLep2uOoKxcro;Männlich;2021-08-26T12:27:27.543+02:00;21;Allgemeine Hochschulreife (Abitur);10–19 Jahre;3–9 Jahre;Nein;Nein;Ja, habe bereits viel gespielt;60;OK;2021-08-26T12:37:57.945+02:00;NodeDecoratonController;13;DonutFactory;0;TextureGenerator;0;CylinderFactory;0;IScale;0;2021-08-26T12:38:34.598+02:00;2021-08-26T12:38:53.594+02:00;2021-08-26T12:39:36.476+02:00;2021-08-26T12:39:53.303+02:00;2021-08-26T12:40:24.075+02:00;2021-08-26T12:38:43.055+02:00;2021-08-26T12:39:07.905+02:00;2021-08-26T12:39:46.666+02:00;2021-08-26T12:39:54.941+02:00;2021-08-26T12:40:26.231+02:00;OK;2021-08-26T12:40:26.358+02:00;7: Sehr leicht;7: Sehr leicht;OK;2021-08-26T12:40:47.772+02:00;SubLayout;22;LayoutVertex;38;NodeTransform;10;LayoutNodes;0;IGameNode;0;2021-08-26T12:41:24.042+02:00;2021-08-26T12:41:35.781+02:00;2021-08-26T12:41:59.340+02:00;2021-08-26T12:42:06.308+02:00;2021-08-26T12:42:16.090+02:00;2021-08-26T12:41:29.457+02:00;2021-08-26T12:41:40.358+02:00;2021-08-26T12:41:59.929+02:00;2021-08-26T12:42:06.672+02:00;2021-08-26T12:42:19.158+02:00;OK;2021-08-26T12:42:19.250+02:00;7: Sehr leicht;7: Sehr leicht;OK;2021-08-26T12:42:24.270+02:00;Stil-Verletzungen (Stift);Stil-Verletzungen (Stift);;Stil-Verletzungen (Stift);Architektur-Verletzungen (Abstürzender Pfeil);2021-08-26T12:43:11.220+02:00;2021-08-26T12:43:17.148+02:00;;2021-08-26T12:43:22.907+02:00;2021-08-26T12:43:29.063+02:00;OK;2021-08-26T12:43:30.319+02:00;7: Sehr leicht;7: Sehr leicht;4;3;4;1: Stimme überhaupt nicht zu;5: Stimme voll zu;1: Stimme überhaupt nicht zu;3;3;3;1: Stimme überhaupt nicht zu;Eine Tabellenspalte für die Größe der Dateien (in Zeilen / Bytes / etc.) wäre hilfreich;2088;OK;2021-08-26T12:49:42.617+02:00;Network.cs;6;Server.cs;3;PacketHandler.cs;0;Client.cs;0;Synchronizer.cs;0;2021-08-26T12:54:21.656+02:00;2021-08-26T12:54:41.230+02:00;2021-08-26T12:55:01.156+02:00;2021-08-26T12:55:11.407+02:00;2021-08-26T12:55:23.630+02:00;2021-08-26T12:54:36.560+02:00;2021-08-26T12:54:49.228+02:00;2021-08-26T12:55:01.642+02:00;2021-08-26T12:55:11.988+02:00;2021-08-26T12:55:25.494+02:00;OK;2021-08-26T12:55:25.587+02:00;7: Sehr leicht;4;OK;2021-08-26T12:55:45.010+02:00;SEEInput.cs;6;PlayerSettings.cs;18;KeyBindings.cs;4;CodeSpaceManager.cs;24;DictationInput.cs;4;2021-08-26T13:00:00.309+02:00;2021-08-26T13:00:03.373+02:00;2021-08-26T13:00:06.821+02:00;2021-08-26T13:00:09.436+02:00;2021-08-26T13:00:13.665+02:00;2021-08-26T13:00:25.943+02:00;2021-08-26T13:00:30.524+02:00;2021-08-26T13:00:36.765+02:00;2021-08-26T13:00:43.427+02:00;2021-08-26T13:00:49.817+02:00;OK;2021-08-26T13:00:49.912+02:00;7: Sehr leicht;4;OK;2021-08-26T13:00:54.041+02:00;Stil-Verletzungen (Stift);Metrik-Verletzungen (Geodreieck);Stil-Verletzungen (Stift);Metrik-Verletzungen (Geodreieck);Metrik-Verletzungen (Geodreieck);2021-08-26T13:01:20.489+02:00;2021-08-26T13:01:29.467+02:00;2021-08-26T13:01:40.036+02:00;2021-08-26T13:01:52.169+02:00;2021-08-26T13:02:02.088+02:00;OK;2021-08-26T13:02:02.714+02:00;7: Sehr leicht;7: Sehr leicht;4;2;5: Stimme voll zu;1: Stimme überhaupt nicht zu;5: Stimme voll zu;1: Stimme überhaupt nicht zu;3;1: Stimme überhaupt nicht zu;5: Stimme voll zu;2;Das ganze wäre in VR natürlich super - eine In-Game Tastenbelegung wäre hilfreich, vielleicht ein Hilfeicon oben rechts in der UI.;;111201643;199d506c-d26a-4e33-a7c4-64ed8b004264;2021-08-26T11:03:05;Approved;12;T;T;T;T;T;T;F;F;T;F;F;T;T;T;T;T;T;T;T;T;T;T;T;T;T;T;T;T;T;T;T;T;F;T;T;T;T;T;T;T;T;F;F;T;T;T;T;T;T;T;T;T;T;T;T;T;T;T;T;T;T;T;T;T;T;T;T;T;T;T
